zip,city,state,county,latitude,longitude
89439,Unknown,CA,Sierra,39.520351,-119.999800
90001,Los Angeles,CA,Los Angeles,33.974027,-118.249509
90002,Los Angeles,CA,Los Angeles,33.949099,-118.246737
90003,Los Angeles,CA,Los Angeles,33.964131,-118.272783
90004,Los Angeles,CA,Los Angeles,34.076198,-118.310722
90005,Los Angeles,CA,Los Angeles,34.059163,-118.306892
90006,Los Angeles,CA,Los Angeles,34.048041,-118.294177
90007,Los Angeles,CA,Los Angeles,34.028133,-118.284828
90008,Los Angeles,CA,Los Angeles,34.009552,-118.346724
90010,Los Angeles,CA,Los Angeles,34.062148,-118.315889
90011,Los Angeles,CA,Los Angeles,34.007090,-118.258680
90012,Los Angeles,CA,Los Angeles,34.065875,-118.238728
90013,Los Angeles,CA,Los Angeles,34.045406,-118.240454
90014,Los Angeles,CA,Los Angeles,34.043146,-118.251746
90015,Los Angeles,CA,Los Angeles,34.039378,-118.266299
90016,Los Angeles,CA,Los Angeles,34.028332,-118.354337
90017,Los Angeles,CA,Los Angeles,34.052913,-118.264340
90018,Los Angeles,CA,Los Angeles,34.028887,-118.317183
90019,Los Angeles,CA,Los Angeles,34.049841,-118.338460
90020,Los Angeles,CA,Los Angeles,34.066379,-118.309870
90021,Los Angeles,CA,Los Angeles,34.029036,-118.237870
90022,East Los Angeles,CA,Los Angeles,34.023728,-118.156274
90023,Los Angeles,CA,Los Angeles,34.022501,-118.199613
90024,Los Angeles,CA,Los Angeles,34.065729,-118.434999
90025,Los Angeles,CA,Los Angeles,34.045360,-118.445818
90026,Los Angeles,CA,Los Angeles,34.080017,-118.262643
90027,Los Angeles,CA,Los Angeles,34.127194,-118.295647
90028,Los Angeles,CA,Los Angeles,34.099912,-118.326912
90029,Los Angeles,CA,Los Angeles,34.089848,-118.294661
90031,Los Angeles,CA,Los Angeles,34.085807,-118.206617
90032,Los Angeles,CA,Los Angeles,34.078195,-118.185497
90033,Los Angeles,CA,Los Angeles,34.050380,-118.211991
90034,Los Angeles,CA,Los Angeles,34.030578,-118.399613
90035,Los Angeles,CA,Los Angeles,34.051808,-118.383674
90036,Los Angeles,CA,Los Angeles,34.070410,-118.350410
90037,Los Angeles,CA,Los Angeles,34.002723,-118.287487
90038,Los Angeles,CA,Los Angeles,34.088474,-118.325526
90039,Los Angeles,CA,Los Angeles,34.111525,-118.260552
90040,City Of Commerce,CA,Los Angeles,33.994524,-118.149953
90041,Los Angeles,CA,Los Angeles,34.137412,-118.207607
90042,Los Angeles,CA,Los Angeles,34.114708,-118.192098
90043,Los Angeles,CA,Los Angeles,33.988505,-118.336358
90044,Los Angeles,CA,Los Angeles,33.952724,-118.291904
90045,Los Angeles,CA,Los Angeles,33.942108,-118.417488
90046,Cole,CA,Los Angeles,34.108455,-118.362081
90047,Los Angeles,CA,Los Angeles,33.953617,-118.308429
90048,Los Angeles,CA,Los Angeles,34.072924,-118.372710
90049,Los Angeles,CA,Los Angeles,34.091829,-118.491244
90056,Los Angeles,CA,Los Angeles,33.988047,-118.370361
90057,Los Angeles,CA,Los Angeles,34.061735,-118.276757
90058,Vernon,CA,Los Angeles,34.002844,-118.216400
90059,Los Angeles,CA,Los Angeles,33.926262,-118.249883
90061,Los Angeles,CA,Los Angeles,33.921280,-118.274186
90062,Los Angeles,CA,Los Angeles,34.003638,-118.308806
90063,Hazard,CA,Los Angeles,34.045105,-118.185914
90064,Los Angeles,CA,Los Angeles,34.037252,-118.423573
90065,Los Angeles,CA,Los Angeles,34.112272,-118.225496
90066,Los Angeles,CA,Los Angeles,34.002028,-118.430656
90067,Los Angeles,CA,Los Angeles,34.057597,-118.413998
90068,Los Angeles,CA,Los Angeles,34.129772,-118.330989
90069,West Hollywood,CA,Los Angeles,34.093828,-118.381697
90071,Los Angeles,CA,Los Angeles,34.052876,-118.254943
90077,Los Angeles,CA,Los Angeles,34.108537,-118.457081
90201,Bell Gardens,CA,Los Angeles,33.970343,-118.171368
90210,Beverly Hills,CA,Los Angeles,34.102630,-118.415972
90211,Beverly Hills,CA,Los Angeles,34.064958,-118.382979
90212,Beverly Hills,CA,Los Angeles,34.062210,-118.401966
90220,Rancho Dominguez,CA,Los Angeles,33.881510,-118.234451
90221,East Rancho Domi,CA,Los Angeles,33.885624,-118.205918
90222,Rosewood,CA,Los Angeles,33.912246,-118.236773
90230,Culver City,CA,Los Angeles,33.998213,-118.394059
90232,Culver City,CA,Los Angeles,34.019323,-118.391902
90240,Downey,CA,Los Angeles,33.955729,-118.118346
90241,Downey,CA,Los Angeles,33.940884,-118.128628
90242,Downey,CA,Los Angeles,33.921793,-118.140588
90245,El Segundo,CA,Los Angeles,33.917140,-118.404267
90247,Gardena,CA,Los Angeles,33.890853,-118.297967
90248,Gardena,CA,Los Angeles,33.876481,-118.284076
90249,Gardena,CA,Los Angeles,33.901390,-118.315697
90250,Holly Park,CA,Los Angeles,33.914775,-118.348083
90254,Hermosa Beach,CA,Los Angeles,33.864259,-118.399303
90255,Huntington Park,CA,Los Angeles,33.978030,-118.217140
90260,Lawndale,CA,Los Angeles,33.888560,-118.351813
90261,Lawndale,CA,Los Angeles,33.786594,-118.298662
90262,Lynwood,CA,Los Angeles,33.923533,-118.200705
90263,Malibu,CA,Los Angeles,34.039034,-118.707992
90265,Malibu,CA,Los Angeles,34.066117,-118.846342
90266,Manhattan Beach,CA,Los Angeles,33.889151,-118.402127
90270,Maywood,CA,Los Angeles,33.987729,-118.186597
90272,Pacific Palisade,CA,Los Angeles,34.087460,-118.544232
90274,Palos Verdes Est,CA,Los Angeles,33.780065,-118.372454
90275,Zcta 90275,CA,Los Angeles,33.753146,-118.367459
90277,Redondo Beach,CA,Los Angeles,33.830006,-118.387124
90278,Redondo Beach,CA,Los Angeles,33.873214,-118.370359
90280,South Gate,CA,Los Angeles,33.944159,-118.192761
90290,Topanga,CA,Los Angeles,34.107728,-118.615981
90291,Venice,CA,Los Angeles,33.993396,-118.465193
90292,Marina Del Rey,CA,Los Angeles,33.979007,-118.457852
90293,Playa Del Rey,CA,Los Angeles,33.947305,-118.439841
90301,Inglewood,CA,Los Angeles,33.956526,-118.358654
90302,Inglewood,CA,Los Angeles,33.975332,-118.355252
90303,Inglewood,CA,Los Angeles,33.939766,-118.331085
90304,Lennox,CA,Los Angeles,33.937886,-118.358559
90305,Inglewood,CA,Los Angeles,33.958889,-118.330548
90401,Santa Monica,CA,Los Angeles,34.013666,-118.493750
90402,Santa Monica,CA,Los Angeles,34.034666,-118.504039
90403,Santa Monica,CA,Los Angeles,34.030755,-118.492101
90404,Santa Monica,CA,Los Angeles,34.026608,-118.473643
90405,Santa Monica,CA,Los Angeles,34.011167,-118.469630
90501,Torrance,CA,Los Angeles,33.833744,-118.314022
90502,Torrance,CA,Los Angeles,33.833181,-118.292062
90503,Torrance,CA,Los Angeles,33.840399,-118.353714
90504,Torrance,CA,Los Angeles,33.867257,-118.330794
90505,Torrance,CA,Los Angeles,33.807882,-118.347957
90601,Whittier,CA,Los Angeles,34.007840,-118.030271
90602,Whittier,CA,Los Angeles,33.972232,-118.022557
90603,Whittier,CA,Los Angeles,33.945318,-117.992066
90604,Whittier,CA,Los Angeles,33.929704,-118.012080
90605,Whittier,CA,Los Angeles,33.950295,-118.024351
90606,Los Nietos,CA,Los Angeles,33.977272,-118.066363
90620,Buena Park,CA,Orange,33.846302,-118.012225
90621,Buena Park,CA,Orange,33.874224,-117.993368
90623,Cerritos,CA,Orange,33.850504,-118.039892
90630,Cypress,CA,Orange,33.818477,-118.038307
90631,La Habra Heights,CA,Orange,33.942708,-117.952483
90638,La Mirada,CA,Los Angeles,33.902045,-118.008961
90640,Montebello,CA,Los Angeles,34.015444,-118.111012
90650,Norwalk,CA,Los Angeles,33.906956,-118.082640
90660,Pico Rivera,CA,Los Angeles,33.989524,-118.089299
90670,Santa Fe Springs,CA,Los Angeles,33.933565,-118.062611
90680,Stanton,CA,Orange,33.801178,-117.994901
90701,Cerritos,CA,Los Angeles,33.867600,-118.080612
90703,Cerritos,CA,Los Angeles,33.868049,-118.069208
90704,Avalon,CA,Los Angeles,33.397729,-118.441282
90706,Bellflower,CA,Los Angeles,33.887821,-118.127250
90710,Harbor City,CA,Los Angeles,33.799904,-118.298661
90712,Lakewood,CA,Los Angeles,33.849034,-118.147902
90713,Lakewood,CA,Los Angeles,33.847989,-118.112601
90715,Lakewood,CA,Los Angeles,33.841027,-118.079141
90716,Hawaiian Gardens,CA,Los Angeles,33.830457,-118.072639
90717,Rancho Palos Ver,CA,Los Angeles,33.793809,-118.317170
90720,Rossmoor,CA,Orange,33.795012,-118.062691
90723,Paramount,CA,Los Angeles,33.898883,-118.166629
90731,San Pedro,CA,Los Angeles,33.731442,-118.278869
90732,Rancho Palos Ver,CA,Los Angeles,33.742120,-118.312878
90740,Seal Beach,CA,Orange,33.758405,-118.075043
90742,Sunset Beach,CA,Orange,33.716666,-118.076906
90743,Surfside,CA,Orange,33.726516,-118.090327
90744,Wilmington,CA,Los Angeles,33.779285,-118.261724
90745,Carson,CA,Los Angeles,33.821605,-118.264112
90746,Carson,CA,Los Angeles,33.859171,-118.252273
90802,Long Beach,CA,Los Angeles,33.745762,-118.208042
90803,Long Beach,CA,Los Angeles,33.756289,-118.130636
90804,Signal Hill,CA,Los Angeles,33.781686,-118.148365
90805,Long Beach,CA,Los Angeles,33.864617,-118.180567
90806,Signal Hill,CA,Los Angeles,33.805640,-118.188597
90807,Signal Hill,CA,Los Angeles,33.827740,-118.174820
90808,Long Beach,CA,Los Angeles,33.823943,-118.111335
90810,Carson,CA,Los Angeles,33.819814,-118.222416
90813,Long Beach,CA,Los Angeles,33.782259,-118.196793
90814,Long Beach,CA,Los Angeles,33.771616,-118.143631
90815,Long Beach,CA,Los Angeles,33.794348,-118.116391
90822,Long Beach,CA,Los Angeles,33.778436,-118.118648
91001,Altadena,CA,Los Angeles,34.195275,-118.137227
91006,Arcadia,CA,Los Angeles,34.136258,-118.026704
91007,Arcadia,CA,Los Angeles,34.128284,-118.047732
91010,Bradbury,CA,Los Angeles,34.141586,-117.957627
91011,Flintridge,CA,Los Angeles,34.222261,-118.205369
91016,Monrovia,CA,Los Angeles,34.152800,-118.000482
91020,Montrose,CA,Los Angeles,34.211341,-118.230652
91024,Sierra Madre,CA,Los Angeles,34.168771,-118.050216
91030,South Pasadena,CA,Los Angeles,34.108957,-118.156615
91040,Shadow Hills,CA,Los Angeles,34.261962,-118.336078
91042,Tujunga,CA,Los Angeles,34.322220,-118.237917
91101,Pasadena,CA,Los Angeles,34.146671,-118.139456
91103,Pasadena,CA,Los Angeles,34.169538,-118.164941
91104,Pasadena,CA,Los Angeles,34.165383,-118.123752
91105,Pasadena,CA,Los Angeles,34.139460,-118.166648
91106,Pasadena,CA,Los Angeles,34.139402,-118.128659
91107,Pasadena,CA,Los Angeles,34.156397,-118.085873
91108,San Marino,CA,Los Angeles,34.122671,-118.112911
91201,Glendale,CA,Los Angeles,34.170510,-118.289463
91202,Glendale,CA,Los Angeles,34.167926,-118.267539
91203,Glendale,CA,Los Angeles,34.153337,-118.262974
91204,Glendale,CA,Los Angeles,34.136193,-118.260934
91205,Glendale,CA,Los Angeles,34.136580,-118.245839
91206,Glendale,CA,Los Angeles,34.160359,-118.213769
91207,Glendale,CA,Los Angeles,34.182378,-118.262922
91208,Glendale,CA,Los Angeles,34.185832,-118.239524
91214,La Crescenta,CA,Los Angeles,34.236302,-118.249185
91301,Oak Park,CA,Los Angeles,34.123286,-118.758541
91302,Calabasas,CA,Los Angeles,34.123310,-118.671028
91303,Canoga Park,CA,Los Angeles,34.198292,-118.600914
91304,Canoga Park,CA,Los Angeles,34.224377,-118.632656
91306,Winnetka,CA,Los Angeles,34.209532,-118.577563
91307,West Hills,CA,Los Angeles,34.200833,-118.664900
91311,Chatsworth,CA,Los Angeles,34.294142,-118.603883
91316,Encino,CA,Los Angeles,34.160236,-118.515472
91320,Newbury Park,CA,Ventura,34.175969,-118.945118
91321,Newhall,CA,Los Angeles,34.368110,-118.489037
91324,Northridge,CA,Los Angeles,34.238208,-118.550290
91325,Northridge,CA,Los Angeles,34.236683,-118.517588
91326,Porter Ranch,CA,Los Angeles,34.281486,-118.556005
91331,Arleta,CA,Los Angeles,34.255442,-118.421313
91335,Reseda,CA,Los Angeles,34.200175,-118.540958
91340,San Fernando,CA,Los Angeles,34.286689,-118.435078
91342,Sylmar,CA,Los Angeles,34.326674,-118.382262
91343,North Hills,CA,Los Angeles,34.237912,-118.482306
91344,Granada Hills,CA,Los Angeles,34.294615,-118.507001
91345,Mission Hills,CA,Los Angeles,34.265878,-118.457241
91350,Agua Dulce,CA,Los Angeles,34.440891,-118.501747
91351,Canyon Country,CA,Los Angeles,34.441427,-118.448088
91352,Sun Valley,CA,Los Angeles,34.230854,-118.365856
91354,Valencia,CA,Los Angeles,34.465755,-118.553789
91355,Valencia,CA,Los Angeles,34.439741,-118.634816
91356,Tarzana,CA,Los Angeles,34.155097,-118.547553
91360,Thousand Oaks,CA,Ventura,34.212798,-118.882175
91361,Westlake Village,CA,Ventura,34.136057,-118.888909
91362,Westlake Village,CA,Ventura,34.193329,-118.818678
91364,Woodland Hills,CA,Los Angeles,34.153733,-118.593408
91367,Woodland Hills,CA,Los Angeles,34.178068,-118.615714
91377,Zcta 91377,CA,Ventura,34.184975,-118.766918
91381,Newhall,CA,Los Angeles,34.384545,-118.647017
91384,Castaic,CA,Los Angeles,34.506627,-118.699048
91401,Van Nuys,CA,Los Angeles,34.178483,-118.431791
91402,Panorama City,CA,Los Angeles,34.222506,-118.444689
91403,Sherman Oaks,CA,Los Angeles,34.147149,-118.463365
91405,Van Nuys,CA,Los Angeles,34.199824,-118.447609
91406,Van Nuys,CA,Los Angeles,34.195685,-118.490752
91411,Van Nuys,CA,Los Angeles,34.178522,-118.459234
91423,Sherman Oaks,CA,Los Angeles,34.148617,-118.433298
91436,Encino,CA,Los Angeles,34.151729,-118.490755
91501,Burbank,CA,Los Angeles,34.200992,-118.292773
91502,Burbank,CA,Los Angeles,34.177267,-118.310030
91504,Burbank,CA,Los Angeles,34.204568,-118.326365
91505,Burbank,CA,Los Angeles,34.173885,-118.346937
91506,Burbank,CA,Los Angeles,34.169706,-118.323548
91601,North Hollywood,CA,Los Angeles,34.169200,-118.372498
91602,Toluca Lake,CA,Los Angeles,34.150818,-118.368159
91604,Studio City,CA,Los Angeles,34.139082,-118.392751
91605,North Hollywood,CA,Los Angeles,34.207295,-118.400022
91606,North Hollywood,CA,Los Angeles,34.185767,-118.388323
91607,Valley Village,CA,Los Angeles,34.165783,-118.399795
91608,Universal City,CA,Los Angeles,34.138761,-118.350933
91701,Alta Loma,CA,San Bernardino,34.137563,-117.599944
91702,Azusa,CA,Los Angeles,34.280333,-117.866141
91706,Irwindale,CA,Los Angeles,34.097410,-117.968269
91709,Chino Hills,CA,San Bernardino,33.963746,-117.738491
91710,Chino,CA,San Bernardino,34.004473,-117.684702
91711,Claremont,CA,Los Angeles,34.127440,-117.715284
91719,Corona,CA,Riverside,33.863202,-117.535235
91722,Covina,CA,Los Angeles,34.097345,-117.906736
91723,Covina,CA,Los Angeles,34.084747,-117.886844
91724,Covina,CA,Los Angeles,34.080444,-117.854733
91730,Rancho Cucamonga,CA,San Bernardino,34.100970,-117.578820
91731,El Monte,CA,Los Angeles,34.078573,-118.043456
91732,El Monte,CA,Los Angeles,34.073420,-118.015344
91733,South El Monte,CA,Los Angeles,34.046243,-118.053748
91737,Alta Loma,CA,San Bernardino,34.152583,-117.577707
91739,Etiwanda,CA,San Bernardino,34.171699,-117.523020
91740,Glendora,CA,Los Angeles,34.119363,-117.855059
91741,Glendora,CA,Los Angeles,34.156529,-117.841605
91743,Guasti,CA,San Bernardino,34.839964,-115.967051
91744,Industry,CA,Los Angeles,34.031415,-117.936470
91745,Hacienda Heights,CA,Los Angeles,33.999005,-117.972146
91746,Bassett,CA,Los Angeles,34.044416,-117.985366
91748,Rowland Heights,CA,Los Angeles,33.974883,-117.900676
91750,La Verne,CA,Los Angeles,34.177070,-117.779803
91752,Mira Loma,CA,Riverside,33.994305,-117.535347
91754,Monterey Park,CA,Los Angeles,34.052922,-118.143465
91755,Monterey Park,CA,Los Angeles,34.050965,-118.114394
91759,Mt Baldy,CA,Los Angeles,34.263636,-117.699470
91761,Ontario,CA,San Bernardino,34.035602,-117.591528
91762,Ontario,CA,San Bernardino,34.059410,-117.674010
91763,Montclair,CA,San Bernardino,34.072329,-117.698315
91764,Ontario,CA,San Bernardino,34.074087,-117.605618
91765,Diamond Bar,CA,Los Angeles,33.986775,-117.820908
91766,Phillips Ranch,CA,Los Angeles,34.042286,-117.756106
91767,Pomona,CA,Los Angeles,34.083086,-117.737998
91768,Pomona,CA,Los Angeles,34.063516,-117.790379
91770,Rosemead,CA,Los Angeles,34.065493,-118.084529
91773,San Dimas,CA,Los Angeles,34.110186,-117.810390
91775,San Gabriel,CA,Los Angeles,34.114772,-118.089431
91776,San Gabriel,CA,Los Angeles,34.090776,-118.095091
91780,Temple City,CA,Los Angeles,34.101673,-118.055929
91784,Upland,CA,San Bernardino,34.141146,-117.655583
91786,Upland,CA,San Bernardino,34.105281,-117.662035
91789,Diamond Bar,CA,Los Angeles,34.018354,-117.854920
91790,West Covina,CA,Los Angeles,34.066964,-117.937007
91791,West Covina,CA,Los Angeles,34.061634,-117.893169
91792,West Covina,CA,Los Angeles,34.022581,-117.902359
91801,Alhambra,CA,Los Angeles,34.090728,-118.127527
91803,Alhambra,CA,Los Angeles,34.074736,-118.145959
91901,Alpine,CA,San Diego,32.810624,-116.710667
91902,Bonita,CA,San Diego,32.665762,-117.018657
91905,Boulevard,CA,San Diego,32.682149,-116.314445
91906,Campo,CA,San Diego,32.654863,-116.465373
91910,Chula Vista,CA,San Diego,32.637898,-117.057991
91911,Chula Vista,CA,San Diego,32.607008,-117.053949
91913,Chula Vista,CA,San Diego,32.619459,-116.985820
91914,Chula Vista,CA,San Diego,32.673652,-116.944653
91915,Chula Vista,CA,San Diego,32.623185,-116.949053
91916,Descanso,CA,San Diego,32.887991,-116.621359
91917,Dulzura,CA,San Diego,32.608865,-116.719661
91931,Guatay,CA,San Diego,32.846363,-116.557729
91932,Imperial Beach,CA,San Diego,32.573755,-117.120872
91934,Jacumba,CA,San Diego,32.648995,-116.152562
91935,Jamul,CA,San Diego,32.722157,-116.792813
91941,La Mesa,CA,San Diego,32.759327,-116.997260
91942,La Mesa,CA,San Diego,32.777999,-117.021511
91945,Lemon Grove,CA,San Diego,32.733176,-117.034164
91948,Mount Laguna,CA,San Diego,32.866646,-116.448325
91950,National City,CA,San Diego,32.670646,-117.094668
91962,Pine Valley,CA,San Diego,32.735124,-116.415160
91963,Potrero,CA,San Diego,32.626231,-116.610020
91977,Spring Valley,CA,San Diego,32.726236,-116.994318
91978,Spring Valley,CA,San Diego,32.724154,-116.940093
91980,Tecate,CA,San Diego,32.588866,-116.619172
92003,Bonsall,CA,San Diego,33.284926,-117.199489
92004,Borrego Springs,CA,San Diego,33.142077,-116.106046
92007,Cardiff By The S,CA,San Diego,33.023250,-117.274923
92008,Carlsbad,CA,San Diego,33.144219,-117.319439
92009,Carlsbad,CA,San Diego,33.095320,-117.243796
92014,Del Mar,CA,San Diego,32.965617,-117.248296
92019,El Cajon,CA,San Diego,32.776012,-116.880634
92020,El Cajon,CA,San Diego,32.795510,-116.969722
92021,El Cajon,CA,San Diego,32.841220,-116.872692
92024,Encinitas,CA,San Diego,33.056022,-117.259900
92025,Escondido,CA,San Diego,33.102005,-117.080420
92026,Escondido,CA,San Diego,33.212452,-117.116100
92027,Escondido,CA,San Diego,33.131156,-116.976997
92028,Fallbrook,CA,San Diego,33.390477,-117.209427
92029,Escondido,CA,San Diego,33.084281,-117.129422
92036,Julian,CA,San Diego,33.022474,-116.493688
92037,La Jolla,CA,San Diego,32.856347,-117.250058
92040,Lakeside,CA,San Diego,32.908904,-116.892002
92054,Oceanside,CA,San Diego,33.195534,-117.354538
92056,Oceanside,CA,San Diego,33.201242,-117.296984
92057,Oceanside,CA,San Diego,33.254610,-117.283379
92059,Pala,CA,San Diego,33.376467,-117.066121
92060,Palomar Mountain,CA,San Diego,33.346494,-116.852856
92061,Pauma Valley,CA,San Diego,33.298504,-116.924785
92064,Poway,CA,San Diego,32.983612,-117.019037
92065,Ramona,CA,San Diego,33.053006,-116.850651
92066,Ranchita,CA,San Diego,33.219365,-116.535247
92067,Rancho Santa Fe,CA,San Diego,33.020908,-117.190346
92069,San Marcos,CA,San Diego,33.170778,-117.158674
92070,Santa Ysabel,CA,San Diego,33.149301,-116.726767
92071,Santee,CA,San Diego,32.852358,-116.987842
92075,Solana Beach,CA,San Diego,32.997248,-117.260580
92078,Zcta 92078,CA,San Diego,33.115978,-117.180965
92082,Valley Center,CA,San Diego,33.254381,-117.002555
92083,Vista,CA,San Diego,33.197840,-117.248203
92084,Vista,CA,San Diego,33.219935,-117.202606
92086,Warner Springs,CA,San Diego,33.327021,-116.659989
92091,Zcta 92091,CA,San Diego,33.016044,-117.243552
92101,San Diego,CA,San Diego,32.724103,-117.170912
92102,San Diego,CA,San Diego,32.716221,-117.117058
92103,San Diego,CA,San Diego,32.747412,-117.166884
92104,San Diego,CA,San Diego,32.741501,-117.127948
92105,San Diego,CA,San Diego,32.737826,-117.092669
92106,San Diego,CA,San Diego,32.710818,-117.237613
92107,San Diego,CA,San Diego,32.739055,-117.245404
92108,San Diego,CA,San Diego,32.774046,-117.142454
92109,San Diego,CA,San Diego,32.786772,-117.234207
92110,San Diego,CA,San Diego,32.765244,-117.200391
92111,San Diego,CA,San Diego,32.806479,-117.168864
92113,San Diego,CA,San Diego,32.696525,-117.117827
92114,San Diego,CA,San Diego,32.707756,-117.055095
92115,San Diego,CA,San Diego,32.765001,-117.073643
92116,San Diego,CA,San Diego,32.764969,-117.123151
92117,San Diego,CA,San Diego,32.824567,-117.199521
92118,Coronado,CA,San Diego,32.699235,-117.209642
92119,San Diego,CA,San Diego,32.817888,-117.031956
92120,San Diego,CA,San Diego,32.794714,-117.071764
92121,San Diego,CA,San Diego,32.899592,-117.201203
92122,San Diego,CA,San Diego,32.861727,-117.171224
92123,San Diego,CA,San Diego,32.806777,-117.134914
92124,San Diego,CA,San Diego,32.823766,-117.092378
92126,San Diego,CA,San Diego,32.908406,-117.141293
92127,San Diego,CA,San Diego,33.011833,-117.132686
92128,San Diego,CA,San Diego,32.999819,-117.071808
92129,San Diego,CA,San Diego,32.966976,-117.126181
92130,San Diego,CA,San Diego,32.945791,-117.214366
92131,San Diego,CA,San Diego,32.886218,-117.083325
92139,San Diego,CA,San Diego,32.679875,-117.048900
92154,San Diego,CA,San Diego,32.557011,-117.006117
92173,San Ysidro,CA,San Diego,32.553630,-117.042502
92201,Chiriaco Summit,CA,Riverside,33.710984,-116.204844
92203,Indio,CA,Riverside,33.753960,-116.246488
92210,Indian Wells,CA,Riverside,33.692193,-116.341230
92211,Palm Desert,CA,Riverside,33.765401,-116.334205
92220,Banning,CA,Riverside,33.948948,-116.832362
92223,Beaumont,CA,Riverside,33.948254,-116.987836
92225,Lost Lake,CA,Riverside,33.736458,-114.687973
92227,Brawley,CA,Imperial,32.990121,-115.358757
92230,Cabazon,CA,Riverside,33.910412,-116.765723
92231,Calexico,CA,Imperial,32.687550,-115.541000
92233,Calipatria,CA,Imperial,33.172881,-115.553769
92234,Cathedral City,CA,Riverside,33.818256,-116.466743
92236,Coachella,CA,Riverside,33.686145,-116.172918
92239,Eagle Mountain,CA,Riverside,33.762149,-115.466100
92240,Desert Hot Sprin,CA,Riverside,33.951540,-116.520104
92241,Desert Hot Sprin,CA,Riverside,33.835639,-116.292771
92242,Big River,CA,San Bernardino,34.163216,-114.319121
92243,El Centro,CA,Imperial,32.770275,-115.598602
92249,Heber,CA,Imperial,32.725546,-115.472615
92250,Holtville,CA,Imperial,32.811001,-115.152865
92251,Imperial,CA,Imperial,32.881449,-115.675459
92252,Joshua Tree,CA,San Bernardino,34.168333,-116.288431
92253,La Quinta,CA,Riverside,33.641767,-116.273943
92254,Mecca,CA,Riverside,33.543835,-115.993906
92256,Morongo Valley,CA,San Bernardino,34.077059,-116.606626
92257,Niland,CA,Imperial,33.299478,-115.293842
92258,North Palm Sprin,CA,Riverside,33.915839,-116.559873
92259,Ocotillo,CA,Imperial,32.737701,-115.932182
92260,Palm City,CA,Riverside,33.708076,-116.403644
92262,Palm Springs,CA,Riverside,33.860925,-116.566176
92264,Palm Springs,CA,Riverside,33.708590,-116.497620
92266,Palo Verde,CA,Imperial,33.344936,-114.930437
92267,Parker Dam,CA,San Bernardino,34.273755,-114.196525
92268,Pioneertown,CA,San Bernardino,34.222079,-116.564222
92270,Rancho Mirage,CA,Riverside,33.768611,-116.429973
92273,Seeley,CA,Imperial,32.817225,-115.700076
92274,Salton City,CA,Riverside,33.460512,-116.084589
92275,Salton City,CA,Imperial,33.292095,-115.844166
92276,Thousand Palms,CA,Riverside,33.822330,-116.364238
92277,Twentynine Palms,CA,San Bernardino,34.141356,-115.621176
92278,Twentynine Palms,CA,San Bernardino,34.229973,-116.055053
92280,Vidal,CA,San Bernardino,34.112955,-114.633391
92281,Westmorland,CA,Imperial,33.051757,-115.608751
92282,White Water,CA,Riverside,33.979630,-116.683221
92283,Felicity,CA,Imperial,32.891548,-114.772944
92284,Yucca Valley,CA,San Bernardino,34.185894,-116.432416
92285,Landers,CA,San Bernardino,34.340222,-116.540435
92301,Adelanto,CA,San Bernardino,34.585234,-117.453724
92304,Amboy,CA,San Bernardino,34.541483,-115.644609
92305,Angelus Oaks,CA,San Bernardino,34.141671,-116.817981
92307,Apple Valley,CA,San Bernardino,34.571446,-117.133076
92308,Apple Valley,CA,San Bernardino,34.425262,-117.161732
92309,Baker,CA,San Bernardino,35.332155,-116.038586
92310,Fort Irwin,CA,San Bernardino,35.261739,-116.690639
92311,Barstow,CA,San Bernardino,34.980294,-116.964449
92313,Zcta 92313,CA,San Bernardino,34.031011,-117.312929
92314,Big Bear City,CA,San Bernardino,34.261092,-116.809496
92315,Big Bear Lake,CA,San Bernardino,34.233757,-116.903843
92316,Bloomington,CA,San Bernardino,34.059722,-117.391040
92317,Blue Jay,CA,San Bernardino,34.211175,-117.079624
92318,Bryn Mawr,CA,San Bernardino,34.839964,-115.967051
92320,Calimesa,CA,Riverside,33.990365,-117.052249
92321,Cedar Glen,CA,San Bernardino,34.253816,-117.150891
92323,Cima,CA,San Bernardino,34.839964,-115.967051
92324,Grand Terrace,CA,San Bernardino,34.024368,-117.289351
92325,Crestline,CA,San Bernardino,34.243482,-117.281304
92327,Daggett,CA,San Bernardino,34.863585,-116.862059
92328,Death Valley,CA,Inyo,36.597878,-116.827387
92332,Essex,CA,San Bernardino,34.912426,-115.342092
92333,Fawnskin,CA,San Bernardino,34.270608,-116.949312
92335,Fontana,CA,San Bernardino,34.085957,-117.465136
92336,Fontana,CA,San Bernardino,34.147718,-117.464506
92337,Fontana,CA,San Bernardino,34.049810,-117.470612
92338,Ludlow,CA,San Bernardino,34.782699,-116.190564
92339,Forest Falls,CA,San Bernardino,34.093661,-116.936222
92341,Green Valley Lak,CA,San Bernardino,34.236643,-117.062838
92342,Helendale,CA,San Bernardino,34.757047,-117.350142
92345,Hesperia,CA,San Bernardino,34.374627,-117.300435
92346,East Highland,CA,San Bernardino,34.127380,-117.183148
92347,Hinkley,CA,San Bernardino,34.957406,-117.219606
92352,Lake Arrowhead,CA,San Bernardino,34.259971,-117.199381
92354,Loma Linda,CA,San Bernardino,34.051177,-117.248563
92356,Lucerne Valley,CA,San Bernardino,34.510646,-116.896718
92358,Lytle Creek,CA,San Bernardino,34.259272,-117.520971
92359,Mentone,CA,San Bernardino,34.083016,-117.073317
92363,Needles,CA,San Bernardino,34.894366,-114.640335
92364,Nipton,CA,San Bernardino,35.340420,-115.426224
92365,Newberry Springs,CA,San Bernardino,34.900018,-116.655003
92368,Oro Grande,CA,San Bernardino,34.649186,-117.320224
92371,Phelan,CA,San Bernardino,34.442625,-117.541815
92372,Pinon Hills,CA,San Bernardino,34.447894,-117.623946
92373,Redlands,CA,San Bernardino,34.011935,-117.159696
92374,Redlands,CA,San Bernardino,34.067213,-117.172000
92376,Rialto,CA,San Bernardino,34.111606,-117.377406
92377,Rialto,CA,San Bernardino,34.157868,-117.406066
92382,Arrowbear Lake,CA,San Bernardino,34.205286,-117.117403
92384,Shoshone,CA,Inyo,36.007706,-116.178478
92386,Sugarloaf,CA,San Bernardino,34.237229,-116.827695
92389,Tecopa,CA,Inyo,35.901353,-116.186370
92392,Spring Valley La,CA,San Bernardino,34.480247,-117.408186
92394,George Afb,CA,San Bernardino,34.556111,-117.353632
92397,Wrightwood,CA,San Bernardino,34.374009,-117.628429
92398,Yermo,CA,San Bernardino,34.910795,-116.849376
92399,Yucaipa,CA,San Bernardino,34.032283,-117.010508
92401,San Bernardino,CA,San Bernardino,34.104794,-117.292150
92404,San Bernardino,CA,San Bernardino,34.183506,-117.221583
92405,Muscoy,CA,San Bernardino,34.144630,-117.301301
92407,San Bernardino,CA,San Bernardino,34.212216,-117.381097
92408,San Bernardino,CA,San Bernardino,34.083458,-117.270016
92410,San Bernardino,CA,San Bernardino,34.106922,-117.297553
92411,San Bernardino,CA,San Bernardino,34.122501,-117.320138
92501,Riverside,CA,Riverside,33.995040,-117.373184
92503,Riverside,CA,Riverside,33.882579,-117.442303
92504,Riverside,CA,Riverside,33.903134,-117.398044
92505,Riverside,CA,Riverside,33.936193,-117.493881
92506,Riverside,CA,Riverside,33.934335,-117.367319
92507,Riverside,CA,Riverside,33.970847,-117.325120
92508,Riverside,CA,Riverside,33.891132,-117.326750
92509,Rubidoux,CA,Riverside,34.003028,-117.442161
92518,March Air Force,CA,Riverside,33.889103,-117.278368
92530,Lake Elsinore,CA,Riverside,33.650799,-117.372457
92532,Lake Elsinore,CA,Riverside,33.692675,-117.302951
92536,Aguanga,CA,Riverside,33.492391,-116.837956
92539,Anza,CA,Riverside,33.527867,-116.647620
92543,Hemet,CA,Riverside,33.667301,-116.963505
92544,Hemet,CA,Riverside,33.646625,-116.882748
92545,Hemet,CA,Riverside,33.729853,-117.034060
92548,Homeland,CA,Riverside,33.758663,-117.109484
92549,Idyllwild,CA,Riverside,33.768565,-116.753505
92551,Zcta 92551,CA,Riverside,33.882739,-117.224878
92553,Moreno Valley,CA,Riverside,33.923386,-117.244825
92555,Moreno Valley,CA,Riverside,33.890645,-117.112789
92557,Moreno Valley,CA,Riverside,33.972160,-117.258448
92561,Mountain Center,CA,Riverside,33.637201,-116.627212
92562,Murrieta,CA,Riverside,33.548299,-117.344739
92563,Murrieta,CA,Riverside,33.581046,-117.147190
92567,Lakeview,CA,Riverside,33.810743,-117.105415
92570,Mead Valley,CA,Riverside,33.787292,-117.320673
92571,Perris,CA,Riverside,33.829310,-117.205481
92582,San Jacinto,CA,Riverside,33.806708,-117.020070
92583,Gilman Hot Sprin,CA,Riverside,33.797359,-116.934097
92584,Menifee,CA,Riverside,33.658591,-117.173618
92585,Romoland,CA,Riverside,33.746707,-117.172142
92586,Sun City,CA,Riverside,33.708976,-117.198846
92587,Canyon Lake,CA,Riverside,33.692805,-117.250024
92590,Temecula,CA,Riverside,33.480536,-117.227005
92591,Temecula,CA,Riverside,33.535276,-117.104784
92592,Temecula,CA,Riverside,33.511218,-117.042389
92595,Wildomar,CA,Riverside,33.617845,-117.259304
92596,Winchester,CA,Riverside,33.665531,-117.050378
92602,Zcta 92602,CA,Orange,33.757245,-117.750414
92604,Zcta 92604,CA,Orange,33.688584,-117.788058
92606,Zcta 92606,CA,Orange,33.701704,-117.815900
92610,Foothill Ranch,CA,Orange,33.696122,-117.675940
92612,Zcta 92612,CA,Orange,33.658440,-117.826009
92614,Zcta 92614,CA,Orange,33.680302,-117.833296
92618,Zcta 92618,CA,Orange,33.667145,-117.732135
92620,Zcta 92620,CA,Orange,33.712629,-117.751372
92624,Capistrano Beach,CA,Orange,33.451469,-117.659056
92625,Corona Del Mar,CA,Orange,33.601966,-117.864254
92626,Costa Mesa,CA,Orange,33.678399,-117.911715
92627,Costa Mesa,CA,Orange,33.647764,-117.919761
92629,Monarch Bay,CA,Orange,33.475120,-117.705675
92630,Lake Forest,CA,Orange,33.645736,-117.685503
92646,Huntington Beach,CA,Orange,33.662050,-117.968459
92647,Huntington Beach,CA,Orange,33.723228,-118.008692
92648,Huntington Beach,CA,Orange,33.679010,-118.014603
92649,Huntington Beach,CA,Orange,33.725240,-118.051579
92651,Laguna Niguel,CA,Orange,33.570925,-117.773037
92653,Laguna Hills,CA,Orange,33.591304,-117.697512
92655,Midway City,CA,Orange,33.745101,-117.984872
92656,Aliso Viejo,CA,Orange,33.576205,-117.730364
92657,Newport Beach,CA,Orange,33.595088,-117.829038
92660,Newport Beach,CA,Orange,33.634626,-117.874882
92661,Newport Beach,CA,Orange,33.601984,-117.913001
92662,Newport Beach,CA,Orange,33.605086,-117.892319
92663,Newport Beach,CA,Orange,33.623208,-117.933903
92672,San Clemente,CA,Orange,33.423620,-117.606843
92673,San Clemente,CA,Orange,33.467372,-117.613509
92675,Mission Viejo,CA,Orange,33.501773,-117.608674
92676,Silverado,CA,Orange,33.752513,-117.612607
92677,Laguna Niguel,CA,Orange,33.529047,-117.701175
92679,Coto De Caza,CA,Orange,33.606695,-117.604360
92683,Westminster,CA,Orange,33.752450,-117.993904
92688,Rancho Santa Mar,CA,Orange,33.619672,-117.612087
92691,Mission Viejo,CA,Orange,33.611945,-117.665867
92692,Mission Viejo,CA,Orange,33.606496,-117.643112
92694,Zcta 92694,CA,Orange,33.547236,-117.623760
92701,Santa Ana,CA,Orange,33.748220,-117.858473
92703,Santa Ana,CA,Orange,33.747615,-117.906761
92704,Santa Ana,CA,Orange,33.721131,-117.905110
92705,Cowan Heights,CA,Orange,33.765639,-117.790075
92706,Santa Ana,CA,Orange,33.765301,-117.881976
92707,Santa Ana Height,CA,Orange,33.709935,-117.870431
92708,Fountain Valley,CA,Orange,33.710582,-117.951129
92780,Zcta 92780,CA,Orange,33.734010,-117.819157
92782,Zcta 92782,CA,Orange,33.739689,-117.784710
92801,Anaheim,CA,Orange,33.844983,-117.952151
92802,Anaheim,CA,Orange,33.808271,-117.923655
92804,Anaheim,CA,Orange,33.818251,-117.974997
92805,Anaheim,CA,Orange,33.830209,-117.906109
92806,Anaheim,CA,Orange,33.837961,-117.870495
92807,Anaheim,CA,Orange,33.848733,-117.788357
92808,Anaheim,CA,Orange,33.856495,-117.740210
92821,Anaheim,CA,Orange,33.927561,-117.887086
92823,Anaheim,CA,Orange,33.928202,-117.809353
92831,Zcta 92831,CA,Orange,33.879767,-117.896340
92832,Zcta 92832,CA,Orange,33.868649,-117.929055
92833,Zcta 92833,CA,Orange,33.879309,-117.961743
92835,Zcta 92835,CA,Orange,33.901886,-117.916639
92840,Zcta 92840,CA,Orange,33.787165,-117.931889
92841,Zcta 92841,CA,Orange,33.786846,-117.982020
92843,Zcta 92843,CA,Orange,33.763928,-117.931380
92844,Zcta 92844,CA,Orange,33.765480,-117.969509
92845,Zcta 92845,CA,Orange,33.783064,-118.026268
92860,Zcta 92860,CA,Riverside,33.925519,-117.551958
92861,Zcta 92861,CA,Orange,33.817660,-117.810013
92865,Zcta 92865,CA,Orange,33.827031,-117.851196
92866,Zcta 92866,CA,Orange,33.784615,-117.844774
92867,Zcta 92867,CA,Orange,33.800980,-117.843772
92868,Zcta 92868,CA,Orange,33.788145,-117.876550
92869,Zcta 92869,CA,Orange,33.808485,-117.791041
92870,Zcta 92870,CA,Orange,33.881158,-117.854783
92879,Zcta 92879,CA,Riverside,33.882879,-117.526900
92880,Zcta 92880,CA,Riverside,33.918042,-117.617809
92881,Zcta 92881,CA,Riverside,33.827409,-117.524091
92882,Zcta 92882,CA,Riverside,33.840451,-117.601961
92883,Zcta 92883,CA,Riverside,33.752748,-117.474266
92886,Zcta 92886,CA,Orange,33.896339,-117.796416
92887,Zcta 92887,CA,Orange,33.885514,-117.730164
93001,San Buenaventura,CA,Ventura,34.037342,-119.800790
93003,San Buenaventura,CA,Ventura,34.283668,-119.223196
93004,San Buenaventura,CA,Ventura,34.278679,-119.165615
93010,Camarillo,CA,Ventura,34.227855,-119.079869
93012,Camarillo,CA,Ventura,34.198821,-118.988163
93013,Carpinteria,CA,Santa Barbara,34.441398,-119.513163
93015,Bardsdale,CA,Ventura,34.404104,-118.897775
93021,Moorpark,CA,Ventura,34.297029,-118.898546
93022,Oak View,CA,Ventura,34.407780,-119.306554
93023,Ojai,CA,Ventura,34.530200,-119.310134
93030,Oxnard,CA,Ventura,34.205247,-119.174092
93033,Oxnard,CA,Ventura,34.150213,-119.127729
93035,Oxnard,CA,Ventura,34.181971,-119.224985
93040,Piru,CA,Ventura,34.473883,-118.797181
93041,Port Hueneme,CA,Ventura,34.106896,-119.099535
93060,Santa Paula,CA,Ventura,34.402343,-119.094825
93063,Santa Susana,CA,Ventura,34.308730,-118.687222
93065,Simi Valley,CA,Ventura,34.258272,-118.774661
93066,Somis,CA,Ventura,34.297628,-119.014627
93067,Summerland,CA,Santa Barbara,34.421964,-119.593483
93101,Santa Barbara,CA,Santa Barbara,34.418979,-119.709166
93103,Santa Barbara,CA,Santa Barbara,34.438786,-119.678826
93105,Santa Barbara,CA,Santa Barbara,34.534881,-119.797628
93108,Montecito,CA,Santa Barbara,34.448024,-119.616984
93109,Santa Barbara,CA,Santa Barbara,34.406256,-119.726936
93110,Santa Barbara,CA,Santa Barbara,34.449656,-119.761971
93111,Santa Barbara,CA,Santa Barbara,34.448902,-119.804023
93117,Goleta,CA,Santa Barbara,34.479077,-120.083674
93201,Alpaugh,CA,Tulare,35.862574,-119.510940
93202,Armona,CA,Kings,36.313344,-119.708452
93203,Arvin,CA,Kern,35.112617,-118.832292
93204,Avenal,CA,Kings,35.889811,-120.068590
93205,Bodfish,CA,Kern,35.518295,-118.430032
93206,Buttonwillow,CA,Kern,35.437302,-119.477735
93207,California Hot S,CA,Tulare,35.889831,-118.630592
93208,Camp Nelson,CA,Tulare,36.056587,-118.568462
93210,Coalinga,CA,Fresno,36.216313,-120.424244
93212,Corcoran,CA,Kings,36.042150,-119.527700
93215,Delano,CA,Kern,35.779507,-119.200825
93216,Delano,CA,Kern,35.294405,-118.905173
93218,Ducor,CA,Tulare,35.860883,-119.036140
93219,Earlimart,CA,Tulare,35.873666,-119.281551
93221,Exeter,CA,Tulare,36.295014,-119.026031
93222,Frazier Park,CA,Kern,34.842272,-119.203680
93223,Farmersville,CA,Tulare,36.304539,-119.204896
93224,Fellows,CA,Kern,35.228198,-119.569304
93225,Frazier Park,CA,Kern,34.768537,-119.030293
93226,Glennville,CA,Kern,35.735694,-118.738483
93230,Hanford,CA,Kings,36.292230,-119.622676
93234,Huron,CA,Fresno,36.191269,-120.090097
93235,Ivanhoe,CA,Tulare,36.389827,-119.219896
93238,Kernville,CA,Kern,35.729097,-118.391705
93239,Kettleman City,CA,Kings,36.047190,-119.990217
93240,Mountain Mesa,CA,Kern,35.617518,-118.451991
93241,Lamont,CA,Kern,35.254701,-118.912678
93242,Laton,CA,Fresno,36.442073,-119.727723
93243,Gorman,CA,Kern,34.772700,-118.791975
93244,Lemoncove,CA,Tulare,36.462671,-118.997291
93245,Lemoore Naval Ai,CA,Kings,36.292270,-119.829463
93247,Lindsay,CA,Tulare,36.206269,-119.071075
93249,Lost Hills,CA,Kern,35.619272,-119.888622
93250,Mc Farland,CA,Kern,35.665082,-119.197958
93251,Mc Kittrick,CA,Kern,35.335636,-119.758248
93252,Maricopa,CA,Kern,34.709947,-119.243479
93254,New Cuyama,CA,Santa Barbara,34.966833,-119.810428
93255,Onyx,CA,Kern,35.676978,-118.101378
93256,Pixley,CA,Tulare,35.960636,-119.312992
93257,Porterville,CA,Tulare,35.988087,-118.860221
93260,Posey,CA,Tulare,35.817247,-118.669124
93261,Richgrove,CA,Tulare,35.808535,-119.128083
93262,Giant Forest,CA,Tulare,36.615495,-118.697481
93263,Shafter,CA,Kern,35.492805,-119.286862
93265,Springville,CA,Tulare,36.245927,-118.693138
93266,Stratford,CA,Kings,36.145393,-119.867288
93267,Strathmore,CA,Tulare,36.151180,-119.049222
93268,Taft,CA,Kern,35.162393,-119.425116
93270,Terra Bella,CA,Tulare,35.952426,-119.072843
93271,Three Rivers,CA,Tulare,36.469541,-118.800833
93272,Tipton,CA,Tulare,36.047414,-119.344304
93274,Tulare,CA,Tulare,36.178091,-119.370752
93276,Tupman,CA,Kern,35.299176,-119.358368
93277,Visalia,CA,Tulare,36.303793,-119.375646
93280,Pond,CA,Kern,35.652242,-119.446400
93282,Waukena,CA,Tulare,36.129557,-119.516076
93283,Weldon,CA,Kern,35.592029,-118.297851
93285,Wofford Heights,CA,Kern,35.715239,-118.507202
93286,Woodlake,CA,Tulare,36.464635,-119.094348
93287,Woody,CA,Kern,35.757886,-118.988161
93291,Visalia,CA,Tulare,36.391777,-119.372842
93292,Visalia,CA,Tulare,36.375590,-119.211689
93301,Bakersfield,CA,Kern,35.384337,-119.020562
93304,Bakersfield,CA,Kern,35.339702,-119.023451
93305,College Heights,CA,Kern,35.389749,-118.985186
93306,Bakersfield,CA,Kern,35.468183,-118.779649
93307,Bakersfield,CA,Kern,35.245120,-118.941100
93308,Bakersfield,CA,Kern,35.621087,-118.789677
93309,Bakersfield,CA,Kern,35.342891,-119.064802
93311,Bakersfield,CA,Kern,35.192404,-119.175866
93312,Greenacres,CA,Kern,35.393478,-119.120460
93313,Bakersfield,CA,Kern,35.163190,-119.046322
93401,San Luis Obispo,CA,San Luis Obispo,35.235750,-120.615973
93402,Los Osos,CA,San Luis Obispo,35.295232,-120.835464
93405,San Luis Obispo,CA,San Luis Obispo,35.296964,-120.733137
93420,Halcyon,CA,San Luis Obispo,35.176005,-120.476742
93422,Atascadero,CA,San Luis Obispo,35.463837,-120.693236
93424,Avila Beach,CA,San Luis Obispo,35.185922,-120.731954
93426,Bradley,CA,Monterey,35.848621,-120.938911
93427,Buellton,CA,Santa Barbara,34.610436,-120.219523
93428,Cambria,CA,San Luis Obispo,35.584973,-121.041500
93429,Casmalia,CA,Santa Barbara,34.866032,-120.536546
93430,Cayucos,CA,San Luis Obispo,35.484971,-120.944413
93432,Creston,CA,San Luis Obispo,35.481240,-120.477579
93433,Grover Beach,CA,San Luis Obispo,35.120888,-120.619664
93434,Guadalupe,CA,Santa Barbara,34.919206,-120.605130
93435,Harmony,CA,San Luis Obispo,35.491888,-120.976259
93436,Lompoc,CA,Santa Barbara,34.601055,-120.382917
93437,Lompoc,CA,Santa Barbara,34.737964,-120.543739
93440,Los Alamos,CA,Santa Barbara,34.712216,-120.230146
93441,Los Olivos,CA,Santa Barbara,34.788159,-119.989127
93442,Morro Bay,CA,San Luis Obispo,35.401939,-120.799356
93444,Nipomo,CA,San Luis Obispo,35.037198,-120.504593
93445,Oceano,CA,San Luis Obispo,35.044405,-120.620201
93446,Adelaide,CA,San Luis Obispo,35.663575,-120.729679
93447,Paso Robles,CA,San Luis Obispo,35.756240,-120.693505
93449,Shell Beach,CA,San Luis Obispo,35.165673,-120.655845
93450,San Ardo,CA,Monterey,36.085435,-120.818725
93451,Parkfield,CA,San Luis Obispo,35.886767,-120.608661
93452,San Simeon,CA,San Luis Obispo,35.746485,-121.223355
93453,California Valle,CA,San Luis Obispo,35.303926,-120.256568
93454,Santa Maria,CA,Santa Barbara,34.943523,-120.256729
93455,Orcutt,CA,Santa Barbara,34.831792,-120.433509
93458,Zcta 93458,CA,Santa Barbara,34.959339,-120.490081
93460,Santa Ynez,CA,Santa Barbara,34.653256,-120.007238
93461,Shandon,CA,San Luis Obispo,35.652911,-120.266428
93463,Ballard,CA,Santa Barbara,34.624399,-120.137874
93465,Templeton,CA,San Luis Obispo,35.538809,-120.739893
93501,Mojave,CA,Kern,35.067111,-118.184941
93505,California City,CA,Kern,35.163740,-117.886527
93510,Acton,CA,Los Angeles,34.461090,-118.220854
93512,Benton,CA,Mono,37.892565,-118.555074
93513,Big Pine,CA,Inyo,37.131989,-118.155880
93514,Toms Place,CA,Inyo,37.491769,-118.389367
93516,Boron,CA,Kern,35.002282,-117.629941
93517,Bridgeport,CA,Mono,38.278853,-119.380803
93518,Havilah,CA,Kern,35.383054,-118.467651
93522,Darwin,CA,Inyo,36.316188,-117.591286
93523,North Edwards,CA,Kern,34.960825,-117.835384
93526,Independence,CA,Inyo,36.823847,-118.281259
93527,Pearsonville,CA,Kern,36.119934,-118.176768
93528,Johannesburg,CA,Kern,35.371604,-117.643321
93529,June Lake,CA,Mono,37.815506,-119.095647
93530,Keeler,CA,Inyo,36.475830,-117.860116
93531,Keene,CA,Kern,35.221906,-118.582566
93532,Elizabeth Lake,CA,Los Angeles,34.689848,-118.533689
93534,Lancaster,CA,Los Angeles,34.713292,-118.152919
93535,Hi Vista,CA,Los Angeles,34.713656,-117.864660
93536,Quartz Hill,CA,Los Angeles,34.747390,-118.369248
93541,Lee Vining,CA,Mono,37.988074,-119.114386
93543,Juniper Hills,CA,Los Angeles,34.481108,-117.982006
93544,Crystalaire,CA,Los Angeles,34.495537,-117.756645
93545,Lone Pine,CA,Inyo,36.556387,-118.054221
93546,Crowley Lake,CA,Mono,37.548771,-118.839880
93549,Cartago,CA,Inyo,36.211640,-117.947995
93550,Lake Los Angeles,CA,Los Angeles,34.408383,-118.123597
93551,Leona Valley,CA,Los Angeles,34.604110,-118.239005
93552,Palmdale,CA,Los Angeles,34.570867,-118.023744
93553,Juniper Hills,CA,Los Angeles,34.407313,-117.911824
93554,Randsburg,CA,Kern,35.413944,-117.764333
93555,China Lake Nwc,CA,Kern,35.606509,-117.683472
93560,Willow Springs,CA,Kern,34.866894,-118.339832
93561,Bear Valley Spri,CA,Kern,35.118772,-118.493811
93562,Argus,CA,San Bernardino,35.748370,-117.384948
93563,Valyermo,CA,Los Angeles,34.402521,-117.766065
93591,Lake Los Angeles,CA,Los Angeles,34.594397,-117.813682
93601,Ahwahnee,CA,Madera,37.393471,-119.741037
93602,Auberry,CA,Fresno,37.028835,-119.316654
93603,Badger,CA,Tulare,36.622507,-118.957187
93604,Bass Lake,CA,Madera,37.349584,-119.425782
93605,Big Creek,CA,Fresno,37.203158,-119.249243
93606,Biola,CA,Fresno,36.803208,-120.018550
93608,Cantua Creek,CA,Fresno,36.493861,-120.361622
93609,Caruthers,CA,Fresno,36.526601,-119.864081
93610,Chowchilla,CA,Madera,37.098303,-120.281214
93611,Clovis,CA,Fresno,36.825296,-119.680190
93612,Clovis,CA,Fresno,36.814863,-119.710595
93614,Coarsegold,CA,Madera,37.210039,-119.749852
93615,Cutler,CA,Tulare,36.503323,-119.286328
93616,Del Rey,CA,Fresno,36.655353,-119.593861
93618,Dinuba,CA,Tulare,36.521012,-119.389446
93620,Dos Palos,CA,Merced,37.018947,-120.626723
93621,Dunlap,CA,Fresno,36.789242,-119.140384
93622,Firebaugh,CA,Fresno,36.814503,-120.575240
93623,Fish Camp,CA,Mariposa,37.494819,-119.644344
93624,Five Points,CA,Fresno,36.378434,-120.116591
93625,Fowler,CA,Fresno,36.624538,-119.671874
93626,Friant,CA,Fresno,37.046782,-119.687200
93627,Helm,CA,Fresno,36.474404,-120.061497
93628,Hume,CA,Fresno,36.779832,-118.938691
93630,Kerman,CA,Fresno,36.727418,-120.123526
93631,Kingsburg,CA,Fresno,36.478239,-119.521370
93634,Lakeshore,CA,Fresno,37.223000,-119.001021
93635,Los Banos,CA,Merced,37.068051,-120.843605
93637,Madera,CA,Madera,36.918079,-120.185933
93638,Madera,CA,Madera,37.040928,-120.031309
93640,Mendota,CA,Fresno,36.672683,-120.446521
93641,Miramonte,CA,Fresno,36.696759,-119.024051
93643,North Fork,CA,Madera,37.224696,-119.470738
93644,Oakhurst,CA,Madera,37.377787,-119.632385
93645,O Neals,CA,Madera,37.173950,-119.641030
93646,Orange Cove,CA,Fresno,36.644737,-119.289181
93647,Orosi,CA,Tulare,36.600760,-119.175485
93648,Parlier,CA,Fresno,36.620634,-119.520731
93650,Pinedale,CA,Fresno,36.840813,-119.799812
93651,Prather,CA,Fresno,36.999336,-119.518794
93652,Raisin,CA,Fresno,36.595012,-119.904577
93653,Raymond,CA,Madera,37.248335,-119.944935
93654,Reedley,CA,Fresno,36.658709,-119.401274
93656,Riverdale,CA,Fresno,36.450225,-119.934478
93657,Sanger,CA,Fresno,36.817791,-119.457602
93660,San Joaquin,CA,Fresno,36.585445,-120.173897
93662,Selma,CA,Fresno,36.536573,-119.638651
93664,Shaver Lake,CA,Fresno,37.129321,-119.219539
93665,South Dos Palos,CA,Merced,36.960108,-120.648060
93666,Sultana,CA,Tulare,36.547067,-119.335641
93667,Tollhouse,CA,Fresno,36.955940,-119.335294
93668,Tranquillity,CA,Fresno,36.650275,-120.284085
93669,Wishon,CA,Madera,37.290563,-119.548406
93673,Traver,CA,Tulare,36.452697,-119.482343
93675,Squaw Valley,CA,Fresno,36.724724,-119.192779
93701,Fresno,CA,Fresno,36.749660,-119.787684
93702,Fresno,CA,Fresno,36.739193,-119.753932
93703,Fresno,CA,Fresno,36.768860,-119.762393
93704,Fig Garden Villa,CA,Fresno,36.799054,-119.801608
93705,Fresno,CA,Fresno,36.786671,-119.828335
93706,Easton,CA,Fresno,36.652041,-119.906542
93710,Fresno,CA,Fresno,36.822348,-119.760241
93711,Fresno,CA,Fresno,36.834289,-119.833350
93720,Fresno,CA,Fresno,36.862209,-119.760793
93721,Fresno,CA,Fresno,36.732892,-119.783739
93722,Fresno,CA,Fresno,36.799361,-119.874794
93725,Calwa,CA,Fresno,36.627211,-119.731888
93726,Fresno,CA,Fresno,36.793661,-119.761461
93727,Fresno,CA,Fresno,36.751519,-119.680602
93728,Fresno,CA,Fresno,36.757293,-119.818483
93901,Salinas,CA,Monterey,36.641520,-121.622188
93905,Salinas,CA,Monterey,36.682351,-121.605904
93906,Salinas,CA,Monterey,36.722713,-121.633650
93907,Prunedale,CA,Monterey,36.769389,-121.667532
93908,Salinas,CA,Monterey,36.651745,-121.599444
93920,Big Sur,CA,Monterey,36.092974,-121.549826
93921,Carmel,CA,Monterey,36.553175,-121.923960
93923,Carmel,CA,Monterey,36.448672,-121.849502
93924,Carmel Valley,CA,Monterey,36.414080,-121.637712
93925,Chualar,CA,Monterey,36.588003,-121.398909
93926,Gonzales,CA,Monterey,36.525880,-121.396719
93927,Greenfield,CA,Monterey,36.248708,-121.386617
93928,Jolon,CA,Monterey,36.038868,-121.244009
93930,King City,CA,Monterey,36.205060,-121.010363
93932,Lockwood,CA,Monterey,35.989792,-121.055933
93933,Marina,CA,Monterey,36.686845,-121.786887
93940,Del Rey Oaks,CA,Monterey,36.574850,-121.840727
93950,Pacific Grove,CA,Monterey,36.621181,-121.925179
93953,Pebble Beach,CA,Monterey,36.585219,-121.945282
93954,San Lucas,CA,Monterey,36.133361,-120.928511
93955,Sand City,CA,Monterey,36.614410,-121.786901
93960,Soledad,CA,Monterey,36.389618,-121.343147
93962,Spreckels,CA,Monterey,36.624716,-121.646487
94002,Belmont,CA,San Mateo,37.514352,-122.298896
94005,Brisbane,CA,San Mateo,37.688826,-122.408935
94010,Hillsborough,CA,San Mateo,37.570280,-122.365779
94014,Colma,CA,San Mateo,37.690868,-122.447437
94015,Daly City,CA,San Mateo,37.681267,-122.480591
94019,Half Moon Bay,CA,San Mateo,37.469453,-122.411841
94020,La Honda,CA,San Mateo,37.274612,-122.232420
94021,Loma Mar,CA,San Mateo,37.270838,-122.280738
94022,Los Altos,CA,Santa Clara,37.357472,-122.144416
94024,Los Altos,CA,Santa Clara,37.352252,-122.094337
94025,West Menlo Park,CA,San Mateo,37.457524,-122.176542
94027,Atherton,CA,San Mateo,37.453514,-122.204756
94028,Ladera,CA,San Mateo,37.376855,-122.209784
94030,Millbrae,CA,San Mateo,37.598970,-122.401991
94037,Montara,CA,San Mateo,37.554358,-122.496668
94038,Moss Beach,CA,San Mateo,37.526902,-122.512164
94040,Mountain View,CA,Santa Clara,37.380566,-122.085286
94041,Mountain View,CA,Santa Clara,37.388528,-122.075734
94043,Mountain View,CA,Santa Clara,37.421865,-122.070895
94044,Pacifica,CA,San Mateo,37.606593,-122.477227
94060,Pescadero,CA,San Mateo,37.247137,-122.271032
94061,Redwood City,CA,San Mateo,37.461147,-122.236948
94062,Woodside,CA,San Mateo,37.410563,-122.297142
94063,Redwood City,CA,San Mateo,37.493297,-122.195525
94065,Redwood City,CA,San Mateo,37.534106,-122.247372
94066,San Bruno,CA,San Mateo,37.625102,-122.433630
94070,San Carlos,CA,San Mateo,37.496461,-122.272556
94074,San Gregorio,CA,San Mateo,37.331762,-122.341444
94080,South San Franci,CA,San Mateo,37.655490,-122.422075
94086,Sunnyvale,CA,Santa Clara,37.371647,-122.023152
94087,Sunnyvale,CA,Santa Clara,37.351528,-122.036962
94089,Sunnyvale,CA,Santa Clara,37.412402,-122.015605
94102,San Francisco,CA,San Francisco,37.779588,-122.419318
94103,San Francisco,CA,San Francisco,37.773134,-122.411167
94104,San Francisco,CA,San Francisco,37.791409,-122.402130
94105,San Francisco,CA,San Francisco,37.789864,-122.393665
94107,San Francisco,CA,San Francisco,37.760460,-122.399724
94108,San Francisco,CA,San Francisco,37.792007,-122.408575
94109,San Francisco,CA,San Francisco,37.795388,-122.422453
94110,San Francisco,CA,San Francisco,37.750022,-122.415201
94111,San Francisco,CA,San Francisco,37.799367,-122.398407
94112,San Francisco,CA,San Francisco,37.720375,-122.442950
94114,San Francisco,CA,San Francisco,37.758057,-122.435410
94115,San Francisco,CA,San Francisco,37.785969,-122.437253
94116,San Francisco,CA,San Francisco,37.745399,-122.486065
94117,San Francisco,CA,San Francisco,37.769436,-122.447662
94118,San Francisco,CA,San Francisco,37.780097,-122.462605
94121,San Francisco,CA,San Francisco,37.776769,-122.494707
94122,San Francisco,CA,San Francisco,37.758797,-122.485128
94123,San Francisco,CA,San Francisco,37.800934,-122.438366
94124,San Francisco,CA,San Francisco,37.728895,-122.382779
94127,San Francisco,CA,San Francisco,37.736220,-122.459338
94128,San Francisco,CA,San Mateo,37.626369,-122.385694
94129,San Francisco,CA,San Francisco,37.797336,-122.464462
94130,San Francisco,CA,San Francisco,37.820894,-122.369725
94131,San Francisco,CA,San Francisco,37.745916,-122.441472
94132,San Francisco,CA,San Francisco,37.721969,-122.484166
94133,San Francisco,CA,San Francisco,37.804532,-122.410852
94134,San Francisco,CA,San Francisco,37.721052,-122.413573
94301,Palo Alto,CA,Santa Clara,37.444122,-122.149915
94303,East Palo Alto,CA,San Mateo,37.458090,-122.115398
94304,Palo Alto,CA,Santa Clara,37.374707,-122.181697
94305,Stanford,CA,Santa Clara,37.417940,-122.171470
94306,Palo Alto,CA,Santa Clara,37.415728,-122.130765
94401,Russian River,CA,San Mateo,37.576948,-122.316903
94402,San Mateo,CA,San Mateo,37.523688,-122.344932
94403,San Mateo,CA,San Mateo,37.538449,-122.305447
94404,Foster City,CA,San Mateo,37.555999,-122.267679
94501,Coast Guard Isla,CA,Alameda,37.773797,-122.278123
94502,Alameda,CA,Alameda,37.737572,-122.245507
94506,Black Hawk,CA,Contra Costa,37.809418,-121.912929
94507,Alamo,CA,Contra Costa,37.850399,-122.021113
94508,Angwin,CA,Napa,38.576618,-122.444388
94509,Antioch,CA,Contra Costa,37.996501,-121.812301
94510,Benicia,CA,Solano,38.098071,-122.135940
94511,Bethel Island,CA,Contra Costa,38.029003,-121.640566
94512,Birds Landing,CA,Solano,38.134852,-121.834156
94513,Brentwood,CA,Contra Costa,37.922228,-121.668359
94514,Byron,CA,Contra Costa,37.826372,-121.622546
94515,Calistoga,CA,Napa,38.634822,-122.615051
94517,Clayton,CA,Contra Costa,37.890221,-121.878359
94518,Concord,CA,Contra Costa,37.950359,-122.022034
94519,Concord,CA,Contra Costa,37.988460,-122.013040
94520,Concord,CA,Contra Costa,37.995283,-122.040625
94521,Concord,CA,Contra Costa,37.956008,-121.956195
94523,Pleasant Hill,CA,Contra Costa,37.954141,-122.076124
94525,Crockett,CA,Contra Costa,38.052951,-122.232094
94526,Danville,CA,Contra Costa,37.814613,-121.990551
94530,El Cerrito,CA,Contra Costa,37.921552,-122.298347
94533,Fairfield,CA,Solano,38.280863,-122.006681
94535,Travis Afb,CA,Solano,38.282221,-121.924715
94536,Fremont,CA,Alameda,37.570508,-121.981250
94538,Fremont,CA,Alameda,37.505768,-121.962473
94539,Fremont,CA,Alameda,37.516911,-121.911763
94541,Hayward,CA,Alameda,37.673946,-122.084820
94542,Hayward,CA,Alameda,37.659883,-122.037142
94544,Hayward,CA,Alameda,37.633820,-122.057200
94545,Hayward,CA,Alameda,37.605905,-122.126873
94546,Castro Valley,CA,Alameda,37.714509,-122.079542
94547,Hercules,CA,Contra Costa,38.009937,-122.261851
94549,Lafayette,CA,Contra Costa,37.897009,-122.114292
94550,Livermore,CA,Alameda,37.526661,-121.583391
94552,Castro Valley,CA,Alameda,37.722720,-122.021552
94553,Pacheco,CA,Contra Costa,37.993892,-122.136441
94555,Fremont,CA,Alameda,37.548123,-122.098635
94556,Moraga,CA,Contra Costa,37.840669,-122.114936
94558,Spanish Flat,CA,Napa,38.442011,-122.238320
94559,Napa,CA,Napa,38.245729,-122.313395
94560,Newark,CA,Alameda,37.504141,-122.032359
94561,Oakley,CA,Contra Costa,37.993936,-121.691139
94563,Orinda,CA,Contra Costa,37.879921,-122.184572
94564,Pinole,CA,Contra Costa,37.994038,-122.282589
94565,Shore Acres,CA,Contra Costa,38.014576,-121.906255
94566,Pleasanton,CA,Alameda,37.648117,-121.849958
94567,Pope Valley,CA,Napa,38.706906,-122.393997
94568,Dublin,CA,Alameda,37.717399,-121.913048
94569,Port Costa,CA,Contra Costa,38.044258,-122.198765
94571,Rio Vista,CA,Solano,38.148862,-121.737696
94572,Rodeo,CA,Contra Costa,38.032719,-122.252247
94574,Saint Helena,CA,Napa,38.542448,-122.419923
94576,Deer Park,CA,Napa,38.549425,-122.476383
94577,San Leandro,CA,Alameda,37.713275,-122.167350
94578,San Leandro,CA,Alameda,37.706137,-122.125551
94579,San Leandro,CA,Alameda,37.686491,-122.157201
94580,San Lorenzo,CA,Alameda,37.675731,-122.133017
94583,San Ramon,CA,Contra Costa,37.755505,-121.973009
94585,Suisun City,CA,Solano,38.192498,-121.927529
94586,Sunol,CA,Alameda,37.574590,-121.853708
94587,Union City,CA,Alameda,37.603156,-122.018638
94588,Pleasanton,CA,Alameda,37.792682,-121.860590
94589,American Canyon,CA,Solano,38.187350,-122.224074
94590,Vallejo,CA,Solano,38.103234,-122.249096
94591,Vallejo,CA,Solano,38.122869,-122.196863
94592,Mare Island,CA,Solano,38.089730,-122.277394
94595,Walnut Creek,CA,Contra Costa,37.871953,-122.069386
94596,Walnut Creek,CA,Contra Costa,37.889079,-122.037560
94598,Walnut Creek,CA,Contra Costa,37.899935,-121.999244
94599,Yountville,CA,Napa,38.409878,-122.361511
94601,Oakland,CA,Alameda,37.775545,-122.218705
94602,Oakland,CA,Alameda,37.804320,-122.207545
94603,Oakland,CA,Alameda,37.736531,-122.179454
94605,Oakland,CA,Alameda,37.761409,-122.150198
94606,Oakland,CA,Alameda,37.791887,-122.245334
94607,Oakland,CA,Alameda,37.807211,-122.301491
94608,Emeryville,CA,Alameda,37.836817,-122.289569
94609,Oakland,CA,Alameda,37.834391,-122.264374
94610,Oakland,CA,Alameda,37.811406,-122.242458
94611,Piedmont,CA,Alameda,37.829483,-122.203393
94612,Oakland,CA,Alameda,37.808800,-122.269195
94618,Piedmont,CA,Alameda,37.843962,-122.238110
94619,Oakland,CA,Alameda,37.781467,-122.132380
94621,Oakland,CA,Alameda,37.748272,-122.216825
94702,Berkeley,CA,Alameda,37.865784,-122.286326
94703,Berkeley,CA,Alameda,37.863906,-122.275640
94704,Berkeley,CA,Alameda,37.866536,-122.257995
94705,Berkeley,CA,Alameda,37.865177,-122.238209
94706,Albany,CA,Alameda,37.889704,-122.295526
94707,Kensington,CA,Alameda,37.898189,-122.279130
94708,Kensington,CA,Alameda,37.902944,-122.261795
94709,Berkeley,CA,Alameda,37.879234,-122.266839
94710,Berkeley,CA,Alameda,37.863914,-122.306465
94801,Richmond,CA,Contra Costa,37.952844,-122.381974
94803,El Sobrante,CA,Contra Costa,37.959540,-122.283555
94804,Richmond,CA,Contra Costa,37.916555,-122.341233
94805,Richmond,CA,Contra Costa,37.942791,-122.322933
94806,San Pablo,CA,Contra Costa,37.980790,-122.337627
94901,San Rafael,CA,Marin,37.978316,-122.496839
94903,Civic Center,CA,Marin,38.022366,-122.555605
94904,Kentfield,CA,Marin,37.945512,-122.560120
94920,Belvedere,CA,Marin,37.885629,-122.468580
94922,Bodega,CA,Sonoma,38.344946,-122.948799
94923,Bodega Bay,CA,Sonoma,38.339953,-123.035056
94924,Bolinas,CA,Marin,37.943087,-122.723790
94925,Corte Madera,CA,Marin,37.932145,-122.507735
94928,Rohnert Park,CA,Sonoma,38.346420,-122.694127
94929,Dillon Beach,CA,Marin,38.252420,-122.962717
94930,Fairfax,CA,Marin,37.943962,-122.616418
94931,Cotati,CA,Sonoma,38.324132,-122.714633
94933,Forest Knolls,CA,Marin,38.012599,-122.687477
94937,Inverness,CA,Marin,38.116188,-122.930234
94938,Lagunitas,CA,Marin,38.029069,-122.726523
94939,Larkspur,CA,Marin,37.937082,-122.532369
94940,Marshall,CA,Marin,38.178590,-122.883126
94941,Mill Valley,CA,Marin,37.897529,-122.562961
94945,Novato,CA,Marin,38.134068,-122.527190
94946,Nicasio,CA,Marin,38.082829,-122.671527
94947,Novato,CA,Marin,38.112166,-122.634384
94949,Novato,CA,Marin,38.067203,-122.524004
94950,Olema,CA,Marin,38.024884,-122.759933
94951,Penngrove,CA,Sonoma,38.320861,-122.646138
94952,Petaluma,CA,Sonoma,38.234553,-122.760385
94954,Petaluma,CA,Sonoma,38.235021,-122.557332
94956,Point Reyes Stat,CA,Marin,38.045857,-122.861209
94960,San Anselmo,CA,Marin,37.995864,-122.577814
94963,San Geronimo,CA,Marin,38.013719,-122.670120
94964,San Quentin,CA,Marin,37.943257,-122.492151
94965,Sausalito,CA,Marin,37.852904,-122.547207
94970,Stinson Beach,CA,Marin,37.914513,-122.646890
94971,Tomales,CA,Marin,38.231532,-122.928251
94972,Valley Ford,CA,Sonoma,38.292103,-122.971069
94973,Woodacre,CA,Marin,38.012697,-122.639598
95002,Alviso,CA,Santa Clara,37.438525,-122.011246
95003,Aptos,CA,Santa Cruz,37.011154,-121.881646
95004,Aromas,CA,Monterey,36.874753,-121.630730
95005,Ben Lomond,CA,Santa Cruz,37.099415,-122.091668
95006,Boulder Creek,CA,Santa Cruz,37.171267,-122.149524
95007,Brookdale,CA,Santa Cruz,37.104964,-122.106903
95008,Campbell,CA,Santa Clara,37.278563,-121.955101
95010,Capitola,CA,Santa Cruz,36.976175,-121.953160
95012,Castroville,CA,Monterey,36.784482,-121.759054
95014,Monte Vista,CA,Santa Clara,37.306610,-122.080628
95017,Davenport,CA,Santa Cruz,37.114335,-122.237162
95018,Felton,CA,Santa Cruz,37.074092,-122.059371
95019,Freedom,CA,Santa Cruz,36.935538,-121.783134
95020,Gilroy,CA,Santa Clara,37.018419,-121.554249
95023,Hollister,CA,San Benito,36.902045,-121.350783
95030,Monte Sereno,CA,Santa Clara,37.222788,-121.983274
95032,Los Gatos,CA,Santa Clara,37.216822,-121.926548
95033,Zcta 95033,CA,Santa Cruz,37.161320,-121.984916
95035,Milpitas,CA,Santa Clara,37.443638,-121.874953
95037,Morgan Hill,CA,Santa Clara,37.174063,-121.598747
95039,Moss Landing,CA,Monterey,36.828150,-121.776583
95041,Mount Hermon,CA,Santa Cruz,37.050419,-122.057816
95043,Paicines,CA,San Benito,36.525703,-120.952122
95045,San Juan Bautist,CA,San Benito,36.825745,-121.518587
95046,San Martin,CA,Santa Clara,37.099308,-121.599240
95050,Santa Clara,CA,Santa Clara,37.351158,-121.952295
95051,Santa Clara,CA,Santa Clara,37.348651,-121.984376
95054,Santa Clara,CA,Santa Clara,37.393490,-121.964672
95060,Scotts Valley,CA,Santa Cruz,37.036461,-122.121751
95062,Santa Cruz,CA,Santa Cruz,36.970525,-121.987488
95064,Santa Cruz,CA,Santa Cruz,36.991107,-122.059022
95065,Santa Cruz,CA,Santa Cruz,37.031472,-121.983340
95066,Scotts Valley,CA,Santa Cruz,37.067923,-122.013990
95070,Saratoga,CA,Santa Clara,37.257287,-122.045164
95073,Soquel,CA,Santa Cruz,37.042254,-121.930051
95076,La Selva Beach,CA,Santa Cruz,36.946256,-121.756479
95110,San Jose,CA,Santa Clara,37.346608,-121.909871
95111,San Jose,CA,Santa Clara,37.283111,-121.826245
95112,San Jose,CA,Santa Clara,37.344507,-121.883537
95113,San Jose,CA,Santa Clara,37.333707,-121.891049
95116,San Jose,CA,Santa Clara,37.350466,-121.852602
95117,San Jose,CA,Santa Clara,37.311181,-121.961870
95118,San Jose,CA,Santa Clara,37.255519,-121.889982
95119,San Jose,CA,Santa Clara,37.230059,-121.785100
95120,San Jose,CA,Santa Clara,37.186141,-121.843554
95121,San Jose,CA,Santa Clara,37.304151,-121.809861
95122,San Jose,CA,Santa Clara,37.328700,-121.835328
95123,San Jose,CA,Santa Clara,37.244238,-121.831604
95124,San Jose,CA,Santa Clara,37.256766,-121.922764
95125,San Jose,CA,Santa Clara,37.295096,-121.891430
95126,San Jose,CA,Santa Clara,37.326803,-121.916765
95127,San Jose,CA,Santa Clara,37.371079,-121.800706
95128,San Jose,CA,Santa Clara,37.315976,-121.936313
95129,San Jose,CA,Santa Clara,37.305740,-122.000913
95130,San Jose,CA,Santa Clara,37.277121,-121.986132
95131,San Jose,CA,Santa Clara,37.387105,-121.897415
95132,San Jose,CA,Santa Clara,37.424655,-121.748410
95133,San Jose,CA,Santa Clara,37.371645,-121.860764
95134,San Jose,CA,Santa Clara,37.427650,-121.945415
95135,San Jose,CA,Santa Clara,37.286454,-121.688360
95136,San Jose,CA,Santa Clara,37.270058,-121.851333
95138,San Jose,CA,Santa Clara,37.246621,-121.733840
95139,San Jose,CA,Santa Clara,37.224914,-121.764075
95140,Mount Hamilton,CA,Santa Clara,37.393503,-121.620009
95148,San Jose,CA,Santa Clara,37.335987,-121.777603
95202,Stockton,CA,San Joaquin,37.959736,-121.288287
95203,Stockton,CA,San Joaquin,37.952452,-121.329655
95204,Stockton,CA,San Joaquin,37.973736,-121.319246
95205,Stockton,CA,San Joaquin,37.964578,-121.259841
95206,Stockton,CA,San Joaquin,37.918854,-121.417427
95207,Stockton,CA,San Joaquin,38.002125,-121.324979
95209,Stockton,CA,San Joaquin,38.047665,-121.351122
95210,Stockton,CA,San Joaquin,38.030178,-121.297912
95212,Stockton,CA,San Joaquin,38.049939,-121.232970
95215,Stockton,CA,San Joaquin,37.949421,-121.157283
95219,Stockton,CA,San Joaquin,38.051726,-121.483036
95220,Acampo,CA,San Joaquin,38.200231,-121.235034
95221,Altaville,CA,Calaveras,38.092294,-120.535316
95222,Angels Camp,CA,Calaveras,38.071327,-120.632221
95223,Bear Valley,CA,Calaveras,38.428475,-119.983134
95224,Avery,CA,Calaveras,38.231324,-120.322688
95225,Burson,CA,Calaveras,38.198402,-120.886271
95226,Campo Seco,CA,Calaveras,38.228993,-120.856700
95227,Clements,CA,San Joaquin,38.207403,-121.052489
95228,Copperopolis,CA,Calaveras,37.933295,-120.706670
95230,Farmington,CA,San Joaquin,38.000494,-120.898152
95231,French Camp,CA,San Joaquin,37.873283,-121.292034
95232,Glencoe,CA,Calaveras,38.355338,-120.594018
95233,Hathaway Pines,CA,Calaveras,38.161669,-120.368144
95236,Linden,CA,San Joaquin,38.029730,-121.023890
95237,Lockeford,CA,San Joaquin,38.161540,-121.150340
95240,Lodi,CA,San Joaquin,38.114388,-121.144658
95242,Lodi,CA,San Joaquin,38.137068,-121.384546
95245,Mokelumne Hill,CA,Calaveras,38.299257,-120.626706
95246,Mountain Ranch,CA,Calaveras,38.232845,-120.515637
95247,Murphys,CA,Calaveras,38.138539,-120.452903
95249,San Andreas,CA,Calaveras,38.189115,-120.638708
95250,Sheepranch,CA,Calaveras,38.237834,-120.428658
95251,Vallecito,CA,Calaveras,38.077689,-120.449079
95252,Valley Springs,CA,Calaveras,38.149816,-120.846670
95254,Wallace,CA,Calaveras,38.192608,-120.957842
95255,West Point,CA,Calaveras,38.419902,-120.474458
95257,Wilseyville,CA,Calaveras,38.379703,-120.448000
95258,Woodbridge,CA,San Joaquin,38.169605,-121.310963
95301,Atwater,CA,Merced,37.321154,-120.636719
95303,Ballico,CA,Merced,37.470288,-120.671083
95305,Big Oak Flat,CA,Tuolumne,37.794225,-120.269140
95306,Catheys Valley,CA,Mariposa,37.392622,-120.127607
95307,Ceres,CA,Stanislaus,37.554269,-120.951523
95310,Columbia,CA,Tuolumne,38.085839,-120.378550
95311,Coulterville,CA,Mariposa,37.705084,-120.082158
95312,Cressey,CA,Merced,37.421071,-120.652983
95313,Crows Landing,CA,Stanislaus,37.431392,-121.051294
95315,Delhi,CA,Merced,37.421900,-120.769282
95316,Denair,CA,Stanislaus,37.553376,-120.714055
95317,El Nido,CA,Merced,37.127380,-120.506433
95318,El Portal,CA,Mariposa,37.653372,-119.784117
95320,Escalon,CA,San Joaquin,37.825598,-121.005157
95321,Groveland,CA,Tuolumne,37.854734,-120.014557
95322,Gustine,CA,Merced,37.166199,-121.024432
95323,Hickman,CA,Stanislaus,37.608303,-120.685156
95324,Hilmar,CA,Merced,37.394536,-120.890747
95325,Hornitos,CA,Mariposa,37.479885,-120.230418
95326,Hughson,CA,Stanislaus,37.588918,-120.855236
95327,Jamestown,CA,Tuolumne,37.861626,-120.480322
95328,Keyes,CA,Stanislaus,37.558453,-120.909880
95329,La Grange,CA,Tuolumne,37.666587,-120.411517
95330,Lathrop,CA,San Joaquin,37.809477,-121.315116
95333,Le Grand,CA,Merced,37.242232,-120.240442
95334,Livingston,CA,Merced,37.347307,-120.742627
95335,Cold Springs,CA,Tuolumne,38.125078,-120.092801
95336,Manteca,CA,San Joaquin,37.830267,-121.201018
95337,Manteca,CA,San Joaquin,37.743040,-121.238381
95338,Mariposa,CA,Mariposa,37.508765,-119.982496
95340,Red Top,CA,Merced,37.345785,-120.424150
95345,Midpines,CA,Mariposa,37.583767,-119.976728
95346,Mi Wuk Village,CA,Tuolumne,38.065528,-120.170699
95348,Merced,CA,Merced,37.392287,-120.498299
95350,Modesto,CA,Stanislaus,37.671978,-121.007405
95351,Modesto,CA,Stanislaus,37.623601,-120.996324
95354,Modesto,CA,Stanislaus,37.639029,-120.964772
95355,Modesto,CA,Stanislaus,37.672906,-120.946594
95356,Modesto,CA,Stanislaus,37.718023,-121.032714
95357,Modesto,CA,Stanislaus,37.672536,-120.887136
95358,Modesto,CA,Stanislaus,37.612612,-121.108568
95360,Newman,CA,Stanislaus,37.325955,-121.193383
95361,Knights Ferry,CA,Stanislaus,37.786492,-120.757696
95363,Patterson,CA,Stanislaus,37.452894,-121.229950
95364,Pinecrest,CA,Tuolumne,38.258381,-119.783030
95365,Planada,CA,Merced,37.331113,-120.294817
95366,Ripon,CA,San Joaquin,37.762939,-121.125614
95367,Riverbank,CA,Stanislaus,37.729282,-120.942905
95368,Salida,CA,Stanislaus,37.715625,-121.089243
95369,Snelling,CA,Merced,37.531787,-120.435972
95370,Sonora,CA,Tuolumne,37.984549,-120.349264
95372,Soulsbyville,CA,Tuolumne,37.991339,-120.262774
95374,Stevinson,CA,Merced,37.316807,-120.855753
95376,Tracy,CA,San Joaquin,37.737191,-121.433384
95379,Tuolumne,CA,Tuolumne,37.939768,-120.188002
95380,Turlock,CA,Stanislaus,37.474396,-120.875917
95382,Turlock,CA,Stanislaus,37.528476,-120.853313
95383,Twain Harte,CA,Tuolumne,38.107441,-120.230625
95385,Vernalis,CA,Stanislaus,37.610740,-121.247330
95386,Waterford,CA,Stanislaus,37.668877,-120.627047
95387,Westley,CA,Stanislaus,37.498700,-121.298493
95388,Winton,CA,Merced,37.414670,-120.586787
95389,Yosemite Lodge,CA,Mariposa,37.626489,-119.681280
95401,Santa Rosa,CA,Sonoma,38.449137,-122.793752
95403,Santa Rosa,CA,Sonoma,38.503684,-122.754057
95404,Santa Rosa,CA,Sonoma,38.526298,-122.690960
95405,Santa Rosa,CA,Sonoma,38.437114,-122.665993
95407,Santa Rosa,CA,Sonoma,38.393301,-122.745048
95409,Santa Rosa,CA,Sonoma,38.468893,-122.580539
95410,Albion,CA,Mendocino,39.204746,-123.690534
95412,Annapolis,CA,Sonoma,38.713421,-123.349777
95415,Boonville,CA,Mendocino,39.015251,-123.370756
95417,Branscomb,CA,Mendocino,39.689790,-123.610022
95419,Camp Meeker,CA,Sonoma,38.417883,-122.959401
95420,Caspar,CA,Mendocino,39.366146,-123.804985
95421,Cazadero,CA,Sonoma,38.628044,-123.159486
95422,Clearlake,CA,Lake,38.973642,-122.622751
95423,Clearlake Oaks,CA,Lake,39.064446,-122.626701
95424,Clearlake Park,CA,Lake,38.985997,-122.661027
95425,Cloverdale,CA,Sonoma,38.823075,-123.063567
95426,Loch Lomond,CA,Lake,38.832457,-122.730395
95427,Comptche,CA,Mendocino,39.244183,-123.563531
95428,Covelo,CA,Mendocino,39.824434,-123.178799
95429,Dos Rios,CA,Mendocino,39.720542,-123.300585
95430,Duncans Mills,CA,Sonoma,38.461425,-123.047185
95431,Eldridge,CA,Sonoma,38.348343,-122.517056
95432,Elk,CA,Mendocino,39.108252,-123.645121
95436,Forestville,CA,Sonoma,38.486970,-122.905772
95437,Fort Bragg,CA,Mendocino,39.485860,-123.742891
95439,Fulton,CA,Sonoma,38.493179,-122.777546
95441,Geyserville,CA,Sonoma,38.731694,-122.906768
95442,Glen Ellen,CA,Sonoma,38.371334,-122.487136
95443,Glenhaven,CA,Lake,39.054131,-122.751233
95444,Graton,CA,Sonoma,38.433216,-122.869001
95445,Gualala,CA,Mendocino,38.832535,-123.472567
95446,Guerneville,CA,Sonoma,38.527164,-123.007892
95448,Healdsburg,CA,Sonoma,38.627028,-122.891580
95449,Hopland,CA,Mendocino,38.943196,-123.101055
95450,Jenner,CA,Sonoma,38.501363,-123.170879
95451,Kelseyville,CA,Lake,38.922131,-122.789559
95452,Kenwood,CA,Sonoma,38.425523,-122.535210
95453,Lakeport,CA,Lake,39.044761,-122.942355
95454,Laytonville,CA,Mendocino,39.806149,-123.516010
95456,Littleriver,CA,Mendocino,39.258295,-123.760729
95457,Lower Lake,CA,Lake,38.882973,-122.532720
95458,Lucerne,CA,Lake,39.161278,-122.745312
95459,Manchester,CA,Mendocino,38.989323,-123.626842
95460,Mendocino,CA,Mendocino,39.305245,-123.748616
95461,Middletown,CA,Lake,38.752774,-122.557196
95462,Russian River Md,CA,Sonoma,38.462146,-123.018428
95463,Navarro,CA,Mendocino,39.186791,-123.558382
95464,Nice,CA,Lake,39.128363,-122.849302
95465,Occidental,CA,Sonoma,38.421306,-123.065708
95466,Philo,CA,Mendocino,39.081822,-123.504872
95468,Point Arena,CA,Mendocino,38.916214,-123.605813
95469,Potter Valley,CA,Mendocino,39.390917,-123.052841
95470,Redwood Valley,CA,Mendocino,39.314030,-123.249924
95471,Rio Nido,CA,Sonoma,38.524077,-122.968774
95472,Freestone,CA,Sonoma,38.398815,-122.861923
95476,Sonoma,CA,Sonoma,38.254935,-122.470703
95480,Stewarts Point,CA,Sonoma,38.676694,-123.372059
95481,Talmage,CA,Mendocino,39.127247,-123.164533
95482,Ukiah,CA,Mendocino,39.121234,-123.242350
95485,Upper Lake,CA,Lake,39.225478,-122.922912
95488,Westport,CA,Mendocino,39.683731,-123.741578
95490,Willits,CA,Mendocino,39.492842,-123.340973
95492,Windsor,CA,Sonoma,38.528079,-122.821349
95493,Witter Springs,CA,Lake,39.184728,-122.969574
95494,Yorkville,CA,Mendocino,38.889651,-123.337821
95497,The Sea Ranch,CA,Sonoma,38.742903,-123.476087
95501,Eureka,CA,Humboldt,40.798802,-124.151920
95502,Eureka,CA,Humboldt,40.733552,-123.944021
95503,Eureka,CA,Humboldt,40.737431,-124.108897
95511,Alderpoint,CA,Humboldt,40.141856,-123.681921
95514,Blocksburg,CA,Humboldt,40.294713,-123.653473
95519,Zcta 95519,CA,Humboldt,40.959368,-124.051236
95521,Mc Kinleyville,CA,Humboldt,40.855672,-124.066720
95524,Bayside,CA,Humboldt,40.825486,-124.049485
95525,Blue Lake,CA,Humboldt,40.921430,-123.815266
95526,Ruth,CA,Humboldt,40.459063,-123.673165
95527,Burnt Ranch,CA,Trinity,41.012258,-123.387964
95528,Carlotta,CA,Humboldt,40.497283,-123.930370
95531,Crescent City,CA,Del Norte,41.819578,-124.065667
95536,Ferndale,CA,Humboldt,40.523168,-124.326632
95537,Fields Landing,CA,Humboldt,40.726752,-124.217378
95540,Fortuna,CA,Humboldt,40.578828,-124.136869
95542,Garberville,CA,Humboldt,40.080405,-123.783948
95543,Gasquet,CA,Del Norte,41.870812,-123.862770
95545,Honeydew,CA,Humboldt,40.280389,-124.063670
95546,Hoopa,CA,Humboldt,41.092824,-123.675804
95547,Hydesville,CA,Humboldt,40.557483,-124.081215
95548,Klamath,CA,Del Norte,41.593204,-124.045992
95549,Kneeland,CA,Humboldt,40.666702,-123.908398
95550,Korbel,CA,Humboldt,40.781218,-123.826383
95551,Loleta,CA,Humboldt,40.674987,-124.231146
95552,Mad River,CA,Trinity,40.203939,-123.219559
95553,Miranda,CA,Humboldt,40.244215,-123.888871
95554,Myers Flat,CA,Humboldt,40.296346,-123.777112
95555,Orick,CA,Humboldt,41.241807,-123.913425
95556,Orleans,CA,Humboldt,41.308073,-123.586216
95558,Petrolia,CA,Humboldt,40.298264,-124.243071
95559,Phillipsville,CA,Humboldt,40.183684,-123.744917
95560,Redway,CA,Humboldt,40.168801,-123.826148
95562,Rio Dell,CA,Humboldt,40.472423,-124.121840
95563,Salyer,CA,Trinity,40.877330,-123.499144
95564,Samoa,CA,Humboldt,40.791020,-124.204640
95565,Scotia,CA,Humboldt,40.455189,-124.015148
95567,Smith River,CA,Del Norte,41.950683,-124.097094
95568,Somes Bar,CA,Siskiyou,41.452691,-123.464803
95569,Redcrest,CA,Humboldt,40.378861,-123.844997
95570,Westhaven,CA,Humboldt,41.080058,-124.156283
95571,Weott,CA,Humboldt,40.322772,-123.920622
95573,Willow Creek,CA,Humboldt,40.914926,-123.668723
95585,Leggett,CA,Mendocino,39.844682,-123.656929
95587,Piercy,CA,Mendocino,39.963270,-123.775737
95589,Whitethorn,CA,Humboldt,40.055796,-123.969269
95595,Zenia,CA,Trinity,40.109806,-123.425498
95601,Amador City,CA,Amador,38.426699,-120.825717
95602,Auburn,CA,Placer,38.990030,-121.114408
95603,Auburn,CA,Placer,38.915869,-121.080284
95605,Bryte,CA,Yolo,38.593521,-121.539867
95606,Brooks,CA,Yolo,38.756186,-122.195441
95607,Capay,CA,Yolo,38.834470,-122.127165
95608,Carmichael,CA,Sacramento,38.624150,-121.324911
95610,Citrus Heights,CA,Sacramento,38.694908,-121.271772
95612,Clarksburg,CA,Yolo,38.384648,-121.578701
95613,Coloma,CA,El Dorado,38.814190,-120.895188
95614,Cool,CA,El Dorado,38.886062,-120.982388
95615,Courtland,CA,Sacramento,38.324029,-121.546207
95616,Davis,CA,Yolo,38.554130,-121.798469
95618,El Macero,CA,Yolo,38.543211,-121.681500
95619,Diamond Springs,CA,El Dorado,38.680605,-120.814261
95620,Liberty Farms,CA,Solano,38.412615,-121.756222
95621,Citrus Heights,CA,Sacramento,38.695704,-121.308303
95623,El Dorado,CA,El Dorado,38.605289,-120.856630
95624,Elk Grove,CA,Sacramento,38.427651,-121.315627
95625,Elmira,CA,Solano,38.358121,-121.911547
95626,Elverta,CA,Sacramento,38.733145,-121.468174
95627,Esparto,CA,Yolo,38.734513,-122.025346
95628,Fair Oaks,CA,Sacramento,38.652065,-121.254410
95629,Fiddletown,CA,Amador,38.516474,-120.688517
95630,El Dorado Hills,CA,Sacramento,38.666597,-121.141636
95631,Foresthill,CA,Placer,39.053461,-120.795632
95632,Galt,CA,Sacramento,38.274451,-121.259201
95633,Garden Valley,CA,El Dorado,38.844519,-120.826574
95634,Georgetown,CA,El Dorado,38.938067,-120.768776
95635,Greenwood,CA,El Dorado,38.904300,-120.914049
95636,Grizzly Flats,CA,El Dorado,38.621278,-120.383217
95637,Guinda,CA,Yolo,38.834139,-122.236937
95638,Herald,CA,Sacramento,38.313448,-121.123886
95639,Hood,CA,Sacramento,38.389030,-121.500428
95640,Ione,CA,Amador,38.325248,-120.955787
95641,Isleton,CA,Sacramento,38.140308,-121.589599
95642,Jackson,CA,Amador,38.343033,-120.760921
95645,Knights Landing,CA,Yolo,38.884891,-121.778654
95646,Kirkwood,CA,Alpine,38.689283,-120.054929
95648,Lincoln,CA,Placer,38.922812,-121.312005
95650,Loomis,CA,Placer,38.809174,-121.171375
95651,Lotus,CA,El Dorado,38.817820,-120.929272
95653,Madison,CA,Yolo,38.697600,-121.978759
95655,Mather Afb,CA,Sacramento,38.549228,-121.278598
95658,Newcastle,CA,Placer,38.883224,-121.159180
95659,Trowbridge,CA,Sutter,38.842230,-121.572164
95660,North Highlands,CA,Sacramento,38.678545,-121.379969
95661,Roseville,CA,Placer,38.741074,-121.247693
95662,Orangevale,CA,Sacramento,38.689174,-121.218435
95663,Penryn,CA,Placer,38.855811,-121.182313
95664,Pilot Hill,CA,El Dorado,38.800662,-121.036736
95665,Pine Grove,CA,Amador,38.402083,-120.649676
95666,Pioneer,CA,Amador,38.523860,-120.376629
95667,Placerville,CA,El Dorado,38.734925,-120.789952
95668,Pleasant Grove,CA,Sutter,38.833554,-121.498102
95669,Plymouth,CA,Amador,38.482619,-120.899472
95670,Gold River,CA,Sacramento,38.604269,-121.280327
95672,Rescue,CA,El Dorado,38.725093,-121.000439
95673,Rio Linda,CA,Sacramento,38.689241,-121.459014
95674,Rio Oso,CA,Sutter,38.954159,-121.481870
95675,River Pines,CA,Amador,38.544700,-120.740500
95676,Robbins,CA,Sutter,38.868875,-121.709490
95677,Rocklin,CA,Placer,38.791075,-121.234854
95678,Roseville,CA,Placer,38.764073,-121.287515
95681,Sheridan,CA,Placer,38.995557,-121.353545
95682,Cameron Park,CA,El Dorado,38.612129,-120.964522
95683,Rancho Murieta,CA,Sacramento,38.511992,-121.096260
95684,Somerset,CA,El Dorado,38.593273,-120.585956
95685,Sutter Creek,CA,Amador,38.431898,-120.770657
95686,Thornton,CA,San Joaquin,38.157794,-121.520223
95687,Vacaville,CA,Solano,38.333133,-121.920151
95688,Vacaville,CA,Solano,38.408571,-122.022775
95689,Volcano,CA,Amador,38.478832,-120.611993
95690,Walnut Grove,CA,Sacramento,38.199576,-121.618273
95691,West Sacramento,CA,Yolo,38.627951,-121.593287
95692,Wheatland,CA,Yuba,39.046931,-121.403091
95693,Wilton,CA,Sacramento,38.399550,-121.210347
95694,Winters,CA,Yolo,38.568491,-122.080210
95695,Woodland,CA,Yolo,38.687044,-121.857080
95701,Alta,CA,Placer,39.224484,-120.768689
95703,Applegate,CA,Placer,38.985882,-120.978665
95709,Camino,CA,El Dorado,38.748316,-120.675512
95713,Iowa Hill,CA,Placer,39.113684,-120.873765
95714,Dutch Flat,CA,Placer,39.200502,-120.840727
95715,Emigrant Gap,CA,Placer,39.269964,-120.677611
95717,Gold Run,CA,Placer,39.144524,-120.852571
95720,Kyburz,CA,El Dorado,38.766036,-120.209673
95721,Echo Lake,CA,El Dorado,38.841190,-120.077273
95722,Meadow Vista,CA,Placer,39.009741,-121.034108
95726,Pacific House,CA,El Dorado,38.800350,-120.503871
95728,Soda Springs,CA,Placer,39.319331,-120.399379
95735,Twin Bridges,CA,El Dorado,38.840775,-120.149510
95736,Weimar,CA,Placer,39.038809,-120.977530
95742,Rancho Cordova,CA,Sacramento,38.577783,-121.201788
95746,Granite Bay,CA,Placer,38.750964,-121.184357
95747,Roseville,CA,Placer,38.782070,-121.373155
95758,Elk Grove,CA,Sacramento,38.427813,-121.444696
95762,El Dorado Hills,CA,El Dorado,38.685222,-121.064165
95765,Rocklin,CA,Placer,38.815502,-121.279552
95776,Woodland,CA,Yolo,38.694081,-121.694431
95814,Sacramento,CA,Sacramento,38.580568,-121.495590
95815,Sacramento,CA,Sacramento,38.605407,-121.447593
95816,Sacramento,CA,Sacramento,38.571576,-121.466465
95817,Sacramento,CA,Sacramento,38.550547,-121.456373
95818,Sacramento,CA,Sacramento,38.554487,-121.497058
95819,Sacramento,CA,Sacramento,38.569828,-121.440067
95820,Sacramento,CA,Sacramento,38.534879,-121.444372
95821,Sacramento,CA,Sacramento,38.625693,-121.384916
95822,Sacramento,CA,Sacramento,38.512787,-121.493618
95823,Sacramento,CA,Sacramento,38.474099,-121.443454
95824,Sacramento,CA,Sacramento,38.517584,-121.440739
95825,Sacramento,CA,Sacramento,38.591897,-121.408467
95826,Sacramento,CA,Sacramento,38.543754,-121.377692
95827,Sacramento,CA,Sacramento,38.556129,-121.324257
95828,Sacramento,CA,Sacramento,38.488809,-121.395843
95829,Sacramento,CA,Sacramento,38.489544,-121.323454
95830,Sacramento,CA,Sacramento,38.490508,-121.284171
95831,Sacramento,CA,Sacramento,38.494832,-121.529447
95832,Sacramento,CA,Sacramento,38.447050,-121.496114
95833,Sacramento,CA,Sacramento,38.619049,-121.517552
95834,Sacramento,CA,Sacramento,38.635653,-121.518416
95835,Sacramento,CA,Sacramento,38.670649,-121.525983
95836,Sacramento,CA,Sacramento,38.710901,-121.522717
95837,Sacramento,CA,Sacramento,38.693945,-121.599134
95838,Sacramento,CA,Sacramento,38.646170,-121.445152
95841,Sacramento,CA,Sacramento,38.660370,-121.347394
95842,Sacramento,CA,Sacramento,38.686809,-121.349146
95843,Sacramento,CA,Sacramento,38.715463,-121.363422
95864,Sacramento,CA,Sacramento,38.584047,-121.375846
95901,Marysville,CA,Yuba,39.223939,-121.494050
95903,Beale Afb,CA,Yuba,39.106099,-121.368180
95910,Alleghany,CA,Sierra,39.491126,-120.817232
95912,Arbuckle,CA,Colusa,39.016702,-122.062143
95913,Artois,CA,Glenn,39.698298,-122.168928
95914,Bangor,CA,Butte,39.449005,-121.330521
95916,Berry Creek,CA,Butte,39.665539,-121.351956
95917,Biggs,CA,Butte,39.413627,-121.761286
95918,Browns Valley,CA,Yuba,39.301229,-121.337929
95919,Brownsville,CA,Yuba,39.432882,-121.261143
95920,Butte City,CA,Glenn,39.449795,-121.936372
95922,Camptonville,CA,Yuba,39.489840,-121.070237
95923,Canyondam,CA,Plumas,40.133728,-121.092693
95925,Challenge,CA,Yuba,39.484108,-121.192649
95926,Cohasset,CA,Butte,39.745628,-121.843834
95928,Chico,CA,Butte,39.685710,-121.844084
95930,Clipper Mills,CA,Butte,39.548599,-121.192105
95932,Colusa,CA,Colusa,39.266469,-121.978604
95934,Crescent Mills,CA,Plumas,40.061085,-120.902875
95935,Dobbins,CA,Yuba,39.379343,-121.192259
95936,Downieville,CA,Sierra,39.605958,-120.791339
95937,Dunnigan,CA,Colusa,38.885247,-121.999043
95938,Durham,CA,Butte,39.604713,-121.795288
95939,Elk Creek,CA,Glenn,39.571983,-122.580828
95941,Forbestown,CA,Butte,39.517330,-121.242678
95942,Butte Meadows,CA,Butte,40.019450,-121.566635
95943,Glenn,CA,Glenn,39.584807,-122.032297
95944,Goodyears Bar,CA,Sierra,39.494937,-120.944288
95945,Grass Valley,CA,Nevada,39.196387,-120.972289
95946,Penn Valley,CA,Nevada,39.215586,-121.203240
95947,Greenville,CA,Plumas,40.174567,-120.819766
95948,Gridley,CA,Butte,39.339264,-121.770785
95949,Grass Valley,CA,Nevada,39.099249,-121.138845
95950,Grimes,CA,Colusa,39.043447,-121.918099
95951,Hamilton City,CA,Glenn,39.723808,-122.003909
95953,Live Oak,CA,Sutter,39.258746,-121.776970
95954,Magalia,CA,Butte,39.889504,-121.583415
95955,Maxwell,CA,Colusa,39.294516,-122.201715
95956,Meadow Valley,CA,Plumas,39.838288,-121.134235
95957,Meridian,CA,Sutter,39.060921,-121.827155
95959,Nevada City,CA,Nevada,39.347811,-120.918728
95960,North San Juan,CA,Nevada,39.403216,-121.034486
95961,Olivehurst,CA,Yuba,39.040304,-121.560484
95962,Oregon House,CA,Yuba,39.344855,-121.264443
95963,Orland,CA,Glenn,39.735300,-122.258532
95965,Pulga,CA,Butte,39.593945,-121.581363
95966,Oroville,CA,Butte,39.473896,-121.415927
95968,Palermo,CA,Butte,39.435211,-121.551925
95969,Paradise,CA,Butte,39.716846,-121.646180
95970,Princeton,CA,Colusa,39.398424,-122.060946
95971,Quincy,CA,Plumas,39.940174,-120.885878
95972,Rackerby,CA,Yuba,39.444420,-121.318329
95973,Richardson Sprin,CA,Butte,39.891624,-121.841982
95974,Richvale,CA,Butte,39.480221,-121.838454
95975,Rough And Ready,CA,Nevada,39.224412,-121.151620
95977,Smartville,CA,Nevada,39.176595,-121.291692
95978,Stirling City,CA,Butte,39.875599,-121.536315
95979,Stonyford,CA,Colusa,39.302040,-122.511118
95981,La Porte,CA,Yuba,39.687069,-121.000123
95982,Sutter,CA,Sutter,39.172777,-121.805845
95983,Taylorsville,CA,Plumas,40.077912,-120.707315
95984,Twain,CA,Plumas,40.040955,-121.122652
95986,Washington,CA,Nevada,39.342544,-120.770868
95987,Williams,CA,Colusa,39.097947,-122.286034
95988,Willows,CA,Glenn,39.491654,-122.262080
95991,Yuba City,CA,Sutter,39.016059,-121.598994
95993,Yuba City,CA,Sutter,39.082497,-121.680114
96001,Redding,CA,Shasta,40.600342,-122.455016
96002,Redding,CA,Shasta,40.527834,-122.318749
96003,Redding,CA,Shasta,40.751937,-122.230678
96006,Adin,CA,Modoc,41.136140,-120.840356
96007,Anderson,CA,Shasta,40.457991,-122.277995
96008,Bella Vista,CA,Shasta,40.705001,-122.120397
96009,Bieber,CA,Lassen,41.056040,-121.020802
96010,Big Bar,CA,Trinity,40.913802,-123.307474
96011,Big Bend,CA,Shasta,41.051216,-121.984492
96013,Burney,CA,Shasta,40.975253,-121.690281
96014,Callahan,CA,Siskiyou,41.326624,-122.773678
96015,Canby,CA,Modoc,41.486953,-120.913975
96016,Cassel,CA,Shasta,40.894419,-121.505962
96017,Castella,CA,Shasta,41.080356,-122.233835
96019,Shasta Lake,CA,Shasta,40.679219,-122.377904
96020,Chester,CA,Plumas,40.397998,-121.298528
96021,Corning,CA,Tehama,39.923446,-122.270806
96022,Cottonwood,CA,Shasta,40.336393,-122.448533
96023,Dorris,CA,Siskiyou,41.928894,-121.906809
96024,Douglas City,CA,Trinity,40.543165,-122.876964
96025,Dunsmuir,CA,Siskiyou,41.209942,-122.307935
96027,Sawyers Bar,CA,Siskiyou,41.400028,-123.069287
96028,Fall River Mills,CA,Shasta,41.006417,-121.480741
96029,Flournoy,CA,Tehama,39.940260,-122.489200
96031,Forks Of Salmon,CA,Siskiyou,41.186066,-123.181796
96032,Fort Jones,CA,Siskiyou,41.609010,-122.963514
96033,French Gulch,CA,Shasta,40.781633,-122.584148
96034,Gazelle,CA,Siskiyou,41.428284,-122.609441
96035,Gerber,CA,Tehama,40.045637,-122.184859
96037,Greenview,CA,Siskiyou,41.544675,-122.934665
96038,Grenada,CA,Siskiyou,41.607100,-122.545715
96039,Happy Camp,CA,Siskiyou,41.687905,-123.483269
96040,Hat Creek,CA,Shasta,40.793535,-121.438607
96041,Hayfork,CA,Trinity,40.525723,-123.193917
96044,Hornbrook,CA,Siskiyou,41.930950,-122.510081
96046,Hyampom,CA,Trinity,40.586442,-123.432744
96047,Igo,CA,Shasta,40.469818,-122.661233
96048,Helena,CA,Trinity,40.829014,-123.022859
96050,Klamath River,CA,Siskiyou,41.898880,-122.888552
96051,Lakehead,CA,Shasta,40.932935,-122.383578
96052,Lewiston,CA,Trinity,40.738391,-122.821085
96054,Lookout,CA,Modoc,41.240175,-121.036859
96055,Los Molinos,CA,Tehama,40.103236,-122.074735
96056,Mcarthur,CA,Shasta,41.028176,-121.308316
96057,Mccloud,CA,Siskiyou,41.268701,-121.931033
96058,Macdoel,CA,Siskiyou,41.728474,-121.906179
96059,Manton,CA,Tehama,40.421637,-121.833052
96061,Mill Creek,CA,Tehama,40.338068,-121.479071
96062,Millville,CA,Shasta,40.580181,-122.041447
96063,Mineral,CA,Tehama,40.370532,-121.606340
96064,Montague,CA,Siskiyou,41.756114,-122.365378
96065,Montgomery Creek,CA,Shasta,40.892563,-121.876104
96067,Mount Shasta,CA,Siskiyou,41.307705,-122.376724
96068,Nubieber,CA,Lassen,41.118402,-121.207564
96069,Oak Run,CA,Shasta,40.685336,-122.016069
96071,Old Station,CA,Shasta,40.662919,-121.462699
96073,Palo Cedro,CA,Shasta,40.603908,-122.185739
96074,Paskenta,CA,Tehama,39.884401,-122.587615
96075,Paynes Creek,CA,Tehama,40.343242,-121.852205
96076,Wildwood,CA,Shasta,40.391935,-122.937679
96080,Red Bluff,CA,Tehama,40.171603,-122.394899
96084,Round Mountain,CA,Shasta,40.845006,-121.969953
96085,Scott Bar,CA,Siskiyou,41.737962,-123.075570
96086,Seiad Valley,CA,Siskiyou,41.924174,-123.260788
96087,Shasta,CA,Shasta,40.619996,-122.643648
96088,Shingletown,CA,Shasta,40.511966,-121.884623
96090,Tehama,CA,Tehama,40.021577,-122.127672
96091,Trinity Center,CA,Trinity,41.034706,-122.791321
96092,Vina,CA,Tehama,39.963320,-122.017242
96093,Weaverville,CA,Trinity,40.765478,-122.941428
96094,Edgewood,CA,Siskiyou,41.456579,-122.469367
96095,Whiskeytown,CA,Shasta,40.735153,-122.194400
96096,Whitmore,CA,Shasta,40.652845,-121.823333
96097,Yreka,CA,Siskiyou,41.755217,-122.656617
96101,Alturas,CA,Modoc,41.452711,-120.538460
96103,Cromberg,CA,Plumas,39.805590,-120.665982
96104,Cedarville,CA,Modoc,41.506276,-120.143106
96105,Chilcoot,CA,Plumas,39.753663,-120.055178
96106,Clio,CA,Plumas,39.736644,-120.543744
96107,Coleville,CA,Mono,38.425280,-119.475741
96108,Davis Creek,CA,Modoc,41.770135,-120.431114
96109,Doyle,CA,Lassen,40.019715,-120.099183
96110,Eagleville,CA,Modoc,41.299897,-120.078493
96112,Fort Bidwell,CA,Modoc,41.858844,-120.104998
96113,Herlong,CA,Lassen,40.142933,-120.159007
96114,Janesville,CA,Lassen,40.296745,-120.499838
96115,Lake City,CA,Modoc,41.701830,-120.134337
96116,Likely,CA,Modoc,41.255254,-120.372571
96117,Litchfield,CA,Lassen,40.533534,-120.235306
96118,Loyalton,CA,Sierra,39.639597,-120.247144
96119,Madeline,CA,Lassen,41.022672,-120.524014
96120,Hope Valley,CA,Alpine,38.743387,-119.867630
96121,Milford,CA,Lassen,40.167924,-120.373766
96122,Portola,CA,Plumas,39.825506,-120.476967
96123,Ravendale,CA,Lassen,40.728194,-120.396280
96124,Calpine,CA,Sierra,39.641871,-120.445264
96125,Sierra City,CA,Sierra,39.602124,-120.635732
96126,Sierraville,CA,Sierra,39.529719,-120.454168
96128,Standish,CA,Lassen,40.358768,-120.408154
96130,Susanville,CA,Lassen,40.551757,-120.675673
96132,Termo,CA,Lassen,40.914834,-120.402292
96133,Topaz,CA,Mono,38.620964,-119.505184
96134,Tulelake,CA,Siskiyou,41.767323,-121.440546
96136,Wendel,CA,Lassen,40.345949,-120.081187
96137,Peninsula Villag,CA,Lassen,40.270731,-121.039461
96140,Carnelian Bay,CA,Placer,39.232027,-120.096413
96141,Homewood,CA,Placer,39.077550,-120.177111
96142,Tahoma,CA,El Dorado,38.997146,-120.129630
96143,Kings Beach,CA,Placer,39.254474,-120.022169
96145,Tahoe City,CA,Placer,39.140222,-120.183534
96146,Olympic Valley,CA,Placer,39.198047,-120.237787
96148,Tahoe Vista,CA,Placer,39.248269,-120.064288
96150,South Lake Tahoe,CA,El Dorado,38.869943,-120.008943
96161,Truckee,CA,Nevada,39.313089,-120.207783
97635,Unknown,CA,Modoc,41.929992,-120.294195
